Most Similar Row Index,Question,Attribute name,Answer for item 1 - Park,Answer for item 12 - Farm,Answer for item 18 - Art Gallery,Answer for item 26 - Spa,Answer for item 11 - Countryside,Answer for item 21 – Restaurant,Answer for item 25 – Gym,Answer for item 21 - Restaurant,Answer for item 25 - Gym,Answer for item 2 - Beach,Answer for item 3 - Mountain,Answer for item 4 - Forest,Answer for item 5 - Lake,Answer for item 6 - River,Answer for item 7 - Desert,Answer for item 8 - City,Answer for item 9 - Town,Answer for item 10 - Village,Answer for item 13 - School,Answer for item 14 - College,Answer for item 15 - University,Answer for item 16 - Library,Answer for item 17 - Museum,Answer for item 19 - Theater,Answer for item 20 - Cinema,Answer for item 22 - Café,Answer for item 23 - Bar,Answer for item 24 - Club,Answer for item 27 - Hospital,Answer for item 28 - Clinic,Answer for item 29 - Doctor's Office,Answer for item 30 - Pharmacy,Answer for item 31 - Grocery Store,Answer for item 32 - Market,Answer for item 33 - Shopping Mall,Answer for item 34 - Department Store,Answer for item 35 - Bookstore,Answer for item 36 - Airport,Answer for item 37 - Train Station,Answer for item 38 - Bus Stop,Answer for item 39 - Subway Station,Answer for item 40 - Taxi Stand,Answer for item 41 - Car Rental,Answer for item 42 - Gas Station,Answer for item 43 - Parking Lot,Answer for item 44 - Hotel,Answer for item 45 - Motel,Answer for item 46 - Hostel,Answer for item 47 - Bed and Breakfast,Answer for item 48 - Campground,Answer for item 49 - Cruise Ship,Answer for item 50 - Ferry,Answer for item 51 - Airport Lounge,Answer for item 52 - Waiting Room,Answer for item 53 - Office,Answer for item 54 - Conference Room,Answer for item 55 - Home,Answer for item 56 - Apartment,Answer for item 57 - House,Answer for item 58 - Mansion,Answer for item 59 - Castle,Answer for item 60 - Lighthouse,Answer for item 61 - Island,Answer for item 62 - Cave,Answer for item 63 - Temple,Answer for item 64 - Church,Answer for item 65 - Mosque,Answer for item 66 - Synagogue,Answer for item 67 - Shrine,Answer for item 68 - Cemetery,Answer for item 69 - Graveyard,Answer for item 70 - Amusement Park,Answer for item 71 - Zoo,Answer for item 72 - Aquarium,Answer for item 73 - Botanical Garden,Answer for item 74 - National Park,Answer for item 75 - Historical Site,Answer for item 76 - Landmark,Answer for item 77 - Space Station,Answer for item 78 - Space Shuttle,Answer for item 79 - International Space Station,Answer for item 80 - Mars,Answer for item 81 - Moon,Answer for item 82 - Underwater Cave,Answer for item 83 - Volcano,Answer for item 84 - Waterfall,Answer for item 85 - Hot Spring,Answer for item 86 - Glacier,Answer for item 87 - Tundra,Answer for item 88 - Savannah,Answer for item 89 - Wetland,Answer for item 90 - Marsh,Answer for item 91 - Swamp,Answer for item 92 - Glacier,Answer for item 93 - Cavern,Answer for item 94 - Archipelago,Answer for item 95 - Peninsula,Answer for item 96 - Delta,Answer for item 97 - Oasis,Answer for item 98 - Ruins,Answer for item 99 - Bridge,Answer for item 100 - Dam,Answer for item 1 -Park,Answer for item 1 -Beach,Answer for item 1 -Mountain,Answer for item 1 -Forest,Answer for item 1 -Lake,Answer for item 1 -River,Answer for item 1 -Desert,Answer for item 1 -City,Answer for item 1 -Town,Answer for item 1 -Village,Answer for item 1 -Countryside,Answer for item 1 -Farm,Answer for item 1 -School,Answer for item 1 -College,Answer for item 1 -University,Answer for item 1 -Library,Answer for item 1 -Museum,Answer for item 1 -Art Gallery,Answer for item 1 -Theater,Answer for item 1 -Cinema,Answer for item 1 -Restaurant,Answer for item 1 -Café,Answer for item 1 -Bar,Answer for item 1 -Club,Answer for item 1 -Gym,Answer for item 1 -Spa,Answer for item 1 -Hospital,Answer for item 1 -Clinic,Answer for item 1 -Doctor's Office,Answer for item 1 -Pharmacy,Answer for item 1 -Grocery Store,Answer for item 1 -Market,Answer for item 1 -Shopping Mall,Answer for item 1 -Department Store,Answer for item 1 -Bookstore,Answer for item 1 -Airport,Answer for item 1 -Train Station,Answer for item 1 -Bus Stop,Answer for item 1 -Subway Station,Answer for item 1 -Taxi Stand,Answer for item 1 -Car Rental,Answer for item 1 -Gas Station,Answer for item 1 -Parking Lot,Answer for item 1 -Hotel,Answer for item 1 -Motel,Answer for item 1 -Hostel,Answer for item 1 -Bed and Breakfast,Answer for item 1 -Campground,Answer for item 1 -Cruise Ship,Answer for item 1 -Ferry,Answer for item 1 -Airport Lounge,Answer for item 1 -Waiting Room,Answer for item 1 -Office,Answer for item 1 -Conference Room,Answer for item 1 -Home,Answer for item 1 -Apartment,Answer for item 1 -House,Answer for item 1-Mansion,Answer for item 1 -Castle,Answer for item 1 -Lighthouse,Answer for item 1 -Island,Answer for item 1 -Cave,Answer for item 1 -Temple,Answer for item 1 -Church,Answer for item 1 -Mosque,Answer for item 1 -Synagogue,Answer for item 1 -Shrine,Answer for item 1 -Cemetery,Answer for item 1 -Graveyard,Answer for item 1 -Amusement Park,Answer for item 1 -Zoo,Answer for item 1 -Aquarium,Answer for item 1 -Botanical Garden,Answer for item 1 -National Park,Answer for item 1 -Historical Site,Answer for item 1 -Landmark,Answer for item 1 -Space Station,Answer for item 1 -Space Shuttle,Answer for item 1 -International Space Station,Answer for item 1 -Mars,Answer for item 1 -Moon,Answer for item 1 -Underwater Cave,Answer for item 1 -Volcano,Answer for item 1 -Waterfall,Answer for item 1 -Hot Spring,Answer for item 1 -Glacier,Answer for item 1 -Tundra,Answer for item 1 -\Savannah,Answer for item 1 -Wetland,Answer for item 1 -Marsh,Answer for item 1 -Swamp,Answer for item 1 -Glacier.1,Answer for item 1 -Cavern,Answer for item 1 -Archipelago,Answer for item 1 -Peninsula,Answer for item 1 -Delta,Answer for item 1 -Oasis,Answer for item 1 -Ruins,Answer for item 1 -Bridge,Answer for item 1 -Dam
3,What living being can you find in X?,living being,"people, dogs, birds","pigs, cows, sheeps",people,people,,,,,,,,,,,,,,,,,,,,,,,,,,,,,,,,,,,,,,,,,,,,,,,,,,,,,,,,,,,,,,,,,,,,,,,,,,,,,,,,,,,,,,,,,,,,,,,,,,,,,,,,,,,,,,,,,,,,,,,,,,,,,,,,,,,,,,,,,,,,,,,,,,,,,,,,,,,,,,,,,,,,,,,,,,,,,,,,,,,,,,,,,,,,,,,,,,,,,,
2,What object can you find in X?,object found,"swings, playgrounds, benches","barn, silos, tractor","paintings, sculptures, photograps","massage tables, hot tubes, sauna, candles",,,,,,,,,,,,,,,,,,,,,,,,,,,,,,,,,,,,,,,,,,,,,,,,,,,,,,,,,,,,,,,,,,,,,,,,,,,,,,,,,,,,,,,,,,,,,,,,,,,,,,,,,,,,,,,,,,,,,,,,,,,,,,,,,,,,,,,,,,,,,,,,,,,,,,,,,,,,,,,,,,,,,,,,,,,,,,,,,,,,,,,,,,,,,,,,,,,,,,
6,Tipically what are the colors that mainly characterize X?,colors,"green, brown, sunset colors, floral colors","green, red, brown, yellow","neutral colors, black","soft blues, greens, neutral earth tones",,,,,,,,,,,,,,,,,,,,,,,,,,,,,,,,,,,,,,,,,,,,,,,,,,,,,,,,,,,,,,,,,,,,,,,,,,,,,,,,,,,,,,,,,,,,,,,,,,,,,,,,,,,,,,,,,,,,,,,,,,,,,,,,,,,,,,,,,,,,,,,,,,,,,,,,,,,,,,,,,,,,,,,,,,,,,,,,,,,,,,,,,,,,,,,,,,,,,,
19,Tipically what can be done in X?,activity,"picnick, play, run, relax, jogging, sports","cultivation, petting zoos, feeding zoos","viewing artwork, learn, attending exhibitions","relax, massages, body treatments",,,,,,,,,,,,,,,,,,,,,,,,,,,,,,,,,,,,,,,,,,,,,,,,,,,,,,,,,,,,,,,,,,,,,,,,,,,,,,,,,,,,,,,,,,,,,,,,,,,,,,,,,,,,,,,,,,,,,,,,,,,,,,,,,,,,,,,,,,,,,,,,,,,,,,,,,,,,,,,,,,,,,,,,,,,,,,,,,,,,,,,,,,,,,,,,,,,,,,
7,What are the odors that can generally be smelled in X?,smells,"grass, wood, flowers, rain","animals, hay and straw","neutral, cleanliness",exential oils,,,,,,,,,,,,,,,,,,,,,,,,,,,,,,,,,,,,,,,,,,,,,,,,,,,,,,,,,,,,,,,,,,,,,,,,,,,,,,,,,,,,,,,,,,,,,,,,,,,,,,,,,,,,,,,,,,,,,,,,,,,,,,,,,,,,,,,,,,,,,,,,,,,,,,,,,,,,,,,,,,,,,,,,,,,,,,,,,,,,,,,,,,,,,,,,,,,,,,
49,What is the climate generally like in X?,climate,"urban, tropical, desert, mountain",country climate,comfortable,"comfortable, humid",,,,,,,,,,,,,,,,,,,,,,,,,,,,,,,,,,,,,,,,,,,,,,,,,,,,,,,,,,,,,,,,,,,,,,,,,,,,,,,,,,,,,,,,,,,,,,,,,,,,,,,,,,,,,,,,,,,,,,,,,,,,,,,,,,,,,,,,,,,,,,,,,,,,,,,,,,,,,,,,,,,,,,,,,,,,,,,,,,,,,,,,,,,,,,,,,,,,,,
7,Which ecosystem or context is X generally in?,ecosystem,"urban, savana, desert, tropical",country,urban,"urban, country",,,,,,,,,,,,,,,,,,,,,,,,,,,,,,,,,,,,,,,,,,,,,,,,,,,,,,,,,,,,,,,,,,,,,,,,,,,,,,,,,,,,,,,,,,,,,,,,,,,,,,,,,,,,,,,,,,,,,,,,,,,,,,,,,,,,,,,,,,,,,,,,,,,,,,,,,,,,,,,,,,,,,,,,,,,,,,,,,,,,,,,,,,,,,,,,,,,,,,
22,Who is X generally created by?,created by,nature,human,human,human,,,,,,,,,,,,,,,,,,,,,,,,,,,,,,,,,,,,,,,,,,,,,,,,,,,,,,,,,,,,,,,,,,,,,,,,,,,,,,,,,,,,,,,,,,,,,,,,,,,,,,,,,,,,,,,,,,,,,,,,,,,,,,,,,,,,,,,,,,,,,,,,,,,,,,,,,,,,,,,,,,,,,,,,,,,,,,,,,,,,,,,,,,,,,,,,,,,,,,
69,From which event can X be generated?,generated by,"hurban initiatives, environmental conservation",feeding needs,"inspiration, cultural initiatives, disclosure ","health trend, cultural practice, tourism",,,,,,,,,,,,,,,,,,,,,,,,,,,,,,,,,,,,,,,,,,,,,,,,,,,,,,,,,,,,,,,,,,,,,,,,,,,,,,,,,,,,,,,,,,,,,,,,,,,,,,,,,,,,,,,,,,,,,,,,,,,,,,,,,,,,,,,,,,,,,,,,,,,,,,,,,,,,,,,,,,,,,,,,,,,,,,,,,,,,,,,,,,,,,,,,,,,,,,
103,Can X be considered alive?,alive,yes,yes,no,no,,,,,,,,,,,,,,,,,,,,,,,,,,,,,,,,,,,,,,,,,,,,,,,,,,,,,,,,,,,,,,,,,,,,,,,,,,,,,,,,,,,,,,,,,,,,,,,,,,,,,,,,,,,,,,,,,,,,,,,,,,,,,,,,,,,,,,,,,,,,,,,,,,,,,,,,,,,,,,,,,,,,,,,,,,,,,,,,,,,,,,,,,,,,,,,,,,,,,,
68,Is X public or private?,pulic-private,public,public,public,public,,,,,,,,,,,,,,,,,,,,,,,,,,,,,,,,,,,,,,,,,,,,,,,,,,,,,,,,,,,,,,,,,,,,,,,,,,,,,,,,,,,,,,,,,,,,,,,,,,,,,,,,,,,,,,,,,,,,,,,,,,,,,,,,,,,,,,,,,,,,,,,,,,,,,,,,,,,,,,,,,,,,,,,,,,,,,,,,,,,,,,,,,,,,,,,,,,,,,,
85,What is the average extension of X?,extension,"large, huge","medium, large","small, medium","small, medium",,,,,,,,,,,,,,,,,,,,,,,,,,,,,,,,,,,,,,,,,,,,,,,,,,,,,,,,,,,,,,,,,,,,,,,,,,,,,,,,,,,,,,,,,,,,,,,,,,,,,,,,,,,,,,,,,,,,,,,,,,,,,,,,,,,,,,,,,,,,,,,,,,,,,,,,,,,,,,,,,,,,,,,,,,,,,,,,,,,,,,,,,,,,,,,,,,,,,,
17,What do you need to accede into X?,access,"nothing, guide, map, jeep","permission, scheduled visit","ticket, membership, admission fee","appintment, reservation, payment",,,,,,,,,,,,,,,,,,,,,,,,,,,,,,,,,,,,,,,,,,,,,,,,,,,,,,,,,,,,,,,,,,,,,,,,,,,,,,,,,,,,,,,,,,,,,,,,,,,,,,,,,,,,,,,,,,,,,,,,,,,,,,,,,,,,,,,,,,,,,,,,,,,,,,,,,,,,,,,,,,,,,,,,,,,,,,,,,,,,,,,,,,,,,,,,,,,,,,
3,What sounds can you generally hear in X?,sounds,"birdsong, children playng, wind in the trees","animal sounds, tractor sounds","silence, audio guides, foot steps","soft music, nature sounds",,,,,,,,,,,,,,,,,,,,,,,,,,,,,,,,,,,,,,,,,,,,,,,,,,,,,,,,,,,,,,,,,,,,,,,,,,,,,,,,,,,,,,,,,,,,,,,,,,,,,,,,,,,,,,,,,,,,,,,,,,,,,,,,,,,,,,,,,,,,,,,,,,,,,,,,,,,,,,,,,,,,,,,,,,,,,,,,,,,,,,,,,,,,,,,,,,,,,,
49,What are the general feelings associated to X?,feelings,"relax, adventure, peace, joy","rustic charm, serenity, hard work","inspiration, reflection, awe, wonder","relax, peace, confort, escape, calmness",,,,,,,,,,,,,,,,,,,,,,,,,,,,,,,,,,,,,,,,,,,,,,,,,,,,,,,,,,,,,,,,,,,,,,,,,,,,,,,,,,,,,,,,,,,,,,,,,,,,,,,,,,,,,,,,,,,,,,,,,,,,,,,,,,,,,,,,,,,,,,,,,,,,,,,,,,,,,,,,,,,,,,,,,,,,,,,,,,,,,,,,,,,,,,,,,,,,,,
70,What objects would you bring with you in X? ,object brought,"hat, portable chairs, sunglasses, snaks","comfortable clothing and footwear, bug repellent","camera, sketchbook, headphones","towel, swimsuit, blanket, book",,,,,,,,,,,,,,,,,,,,,,,,,,,,,,,,,,,,,,,,,,,,,,,,,,,,,,,,,,,,,,,,,,,,,,,,,,,,,,,,,,,,,,,,,,,,,,,,,,,,,,,,,,,,,,,,,,,,,,,,,,,,,,,,,,,,,,,,,,,,,,,,,,,,,,,,,,,,,,,,,,,,,,,,,,,,,,,,,,,,,,,,,,,,,,,,,,,,,,
60,Is X tipically outdoors or indoors?,outdoor-indoor,outdoor,outdoor,indoor,indoor,,,,,,,,,,,,,,,,,,,,,,,,,,,,,,,,,,,,,,,,,,,,,,,,,,,,,,,,,,,,,,,,,,,,,,,,,,,,,,,,,,,,,,,,,,,,,,,,,,,,,,,,,,,,,,,,,,,,,,,,,,,,,,,,,,,,,,,,,,,,,,,,,,,,,,,,,,,,,,,,,,,,,,,,,,,,,,,,,,,,,,,,,,,,,,,,,,,,,,
5,What is X tipically composed of?,composed of,"mountains, valleys, ills, grass, trees, canyons","silos, fences, structures","artworks, sculptures, lights, rooms","tubes, showers, changing rooms",,,,,,,,,,,,,,,,,,,,,,,,,,,,,,,,,,,,,,,,,,,,,,,,,,,,,,,,,,,,,,,,,,,,,,,,,,,,,,,,,,,,,,,,,,,,,,,,,,,,,,,,,,,,,,,,,,,,,,,,,,,,,,,,,,,,,,,,,,,,,,,,,,,,,,,,,,,,,,,,,,,,,,,,,,,,,,,,,,,,,,,,,,,,,,,,,,,,,,
5,"if X can be of different types, what would they be?",types,"national, urban, tropical","crop, livestock, dairy","contemporary art, modern art, historical, science","day, thermal, resort, medical",,,,,,,,,,,,,,,,,,,,,,,,,,,,,,,,,,,,,,,,,,,,,,,,,,,,,,,,,,,,,,,,,,,,,,,,,,,,,,,,,,,,,,,,,,,,,,,,,,,,,,,,,,,,,,,,,,,,,,,,,,,,,,,,,,,,,,,,,,,,,,,,,,,,,,,,,,,,,,,,,,,,,,,,,,,,,,,,,,,,,,,,,,,,,,,,,,,,,,
35,What kind of adjectives are usually associated with X?,adjectives,"green, serene, spacious, natural","rural, productive, fertile","inspiring, elegant, innovative eclectic","relaxing, holistic, calming",,,,,,,,,,,,,,,,,,,,,,,,,,,,,,,,,,,,,,,,,,,,,,,,,,,,,,,,,,,,,,,,,,,,,,,,,,,,,,,,,,,,,,,,,,,,,,,,,,,,,,,,,,,,,,,,,,,,,,,,,,,,,,,,,,,,,,,,,,,,,,,,,,,,,,,,,,,,,,,,,,,,,,,,,,,,,,,,,,,,,,,,,,,,,,,,,,,,,,
9,Who usually manages X?,menaged by,"park ranger, management staff","owner, manager, agricultural expert","curator, director, management team","manager, owner, director.",,,,,,,,,,,,,,,,,,,,,,,,,,,,,,,,,,,,,,,,,,,,,,,,,,,,,,,,,,,,,,,,,,,,,,,,,,,,,,,,,,,,,,,,,,,,,,,,,,,,,,,,,,,,,,,,,,,,,,,,,,,,,,,,,,,,,,,,,,,,,,,,,,,,,,,,,,,,,,,,,,,,,,,,,,,,,,,,,,,,,,,,,,,,,,,,,,,,,,
9,for whom was X created?,created for,public looking for recreation or enjoyment of nature,"cultivate, produce, consumptio, sale","art enthusiasts, the public, artists","individuals seeking relaxation, wellness",,,,,,,,,,,,,,,,,,,,,,,,,,,,,,,,,,,,,,,,,,,,,,,,,,,,,,,,,,,,,,,,,,,,,,,,,,,,,,,,,,,,,,,,,,,,,,,,,,,,,,,,,,,,,,,,,,,,,,,,,,,,,,,,,,,,,,,,,,,,,,,,,,,,,,,,,,,,,,,,,,,,,,,,,,,,,,,,,,,,,,,,,,,,,,,,,,,,,,
70,How should you behave in X?,behaviour,"respect nature, follow rules","follow safety guidelines, respect the environment","behave quietly, respect the artwork","calm, relaxed, follow etiquette",,,,,,,,,,,,,,,,,,,,,,,,,,,,,,,,,,,,,,,,,,,,,,,,,,,,,,,,,,,,,,,,,,,,,,,,,,,,,,,,,,,,,,,,,,,,,,,,,,,,,,,,,,,,,,,,,,,,,,,,,,,,,,,,,,,,,,,,,,,,,,,,,,,,,,,,,,,,,,,,,,,,,,,,,,,,,,,,,,,,,,,,,,,,,,,,,,,,,,
75,What is the typical dress code for X?,dress code,"casual, comfortable clothing for outdoor activities","casual, work attire","smart casual, business casual","comfortable, modest clothing, swimsuit",,,,,,,,,,,,,,,,,,,,,,,,,,,,,,,,,,,,,,,,,,,,,,,,,,,,,,,,,,,,,,,,,,,,,,,,,,,,,,,,,,,,,,,,,,,,,,,,,,,,,,,,,,,,,,,,,,,,,,,,,,,,,,,,,,,,,,,,,,,,,,,,,,,,,,,,,,,,,,,,,,,,,,,,,,,,,,,,,,,,,,,,,,,,,,,,,,,,,,
67,Does X have specific opening hours or periods of operation?,periods,during daylight hours,"operational year-round, specific hours for visits","designated opening hours for visitors, daytime","scheduled appointments, during specific hours",,,,,,,,,,,,,,,,,,,,,,,,,,,,,,,,,,,,,,,,,,,,,,,,,,,,,,,,,,,,,,,,,,,,,,,,,,,,,,,,,,,,,,,,,,,,,,,,,,,,,,,,,,,,,,,,,,,,,,,,,,,,,,,,,,,,,,,,,,,,,,,,,,,,,,,,,,,,,,,,,,,,,,,,,,,,,,,,,,,,,,,,,,,,,,,,,,,,,,
30,What is the primary purpose of this location?,Purpose,Recreation,,,,Agriculture,Dining,Fitness,,,,,,,,,,,,,,,,,,,,,,,,,,,,,,,,,,,,,,,,,,,,,,,,,,,,,,,,,,,,,,,,,,,,,,,,,,,,,,,,,,,,,,,,,,,,,,,,,,,,,,,,,,,,,,,,,,,,,,,,,,,,,,,,,,,,,,,,,,,,,,,,,,,,,,,,,,,,,,,,,,,,,,,,,,,,,,,,,,,,,,,,,,,,,,,,,,,
58,What are the common activities here?,Activities,"Walking, Picnics",,,,"Farming, Hiking","Eating, Socializing","Workouts, Classes",,,,,,,,,,,,,,,,,,,,,,,,,,,,,,,,,,,,,,,,,,,,,,,,,,,,,,,,,,,,,,,,,,,,,,,,,,,,,,,,,,,,,,,,,,,,,,,,,,,,,,,,,,,,,,,,,,,,,,,,,,,,,,,,,,,,,,,,,,,,,,,,,,,,,,,,,,,,,,,,,,,,,,,,,,,,,,,,,,,,,,,,,,,,,,,,,,,
121,Is this location naturally occurring or man-made?,Origin,Man-made,,,,Natural,Man-made,Man-made,,,,,,,,,,,,,,,,,,,,,,,,,,,,,,,,,,,,,,,,,,,,,,,,,,,,,,,,,,,,,,,,,,,,,,,,,,,,,,,,,,,,,,,,,,,,,,,,,,,,,,,,,,,,,,,,,,,,,,,,,,,,,,,,,,,,,,,,,,,,,,,,,,,,,,,,,,,,,,,,,,,,,,,,,,,,,,,,,,,,,,,,,,,,,,,,,,,
75,What is the typical climate of this area?,Climate,Varies,,,,Varies,Indoor,Indoor,,,,,,,,,,,,,,,,,,,,,,,,,,,,,,,,,,,,,,,,,,,,,,,,,,,,,,,,,,,,,,,,,,,,,,,,,,,,,,,,,,,,,,,,,,,,,,,,,,,,,,,,,,,,,,,,,,,,,,,,,,,,,,,,,,,,,,,,,,,,,,,,,,,,,,,,,,,,,,,,,,,,,,,,,,,,,,,,,,,,,,,,,,,,,,,,,,,
29,Is this location typically crowded or secluded?,Crowd_Level,Varies,,,,Secluded,Can be crowded,Can be crowded,,,,,,,,,,,,,,,,,,,,,,,,,,,,,,,,,,,,,,,,,,,,,,,,,,,,,,,,,,,,,,,,,,,,,,,,,,,,,,,,,,,,,,,,,,,,,,,,,,,,,,,,,,,,,,,,,,,,,,,,,,,,,,,,,,,,,,,,,,,,,,,,,,,,,,,,,,,,,,,,,,,,,,,,,,,,,,,,,,,,,,,,,,,,,,,,,,,
44,Are there any specific rules to follow here?,Rules,Park regulations,,,,Land use regulations,Restaurant etiquette,Gym etiquette,,,,,,,,,,,,,,,,,,,,,,,,,,,,,,,,,,,,,,,,,,,,,,,,,,,,,,,,,,,,,,,,,,,,,,,,,,,,,,,,,,,,,,,,,,,,,,,,,,,,,,,,,,,,,,,,,,,,,,,,,,,,,,,,,,,,,,,,,,,,,,,,,,,,,,,,,,,,,,,,,,,,,,,,,,,,,,,,,,,,,,,,,,,,,,,,,,,
46,What is the best time to visit?,Best_Visit_Time,Daytime,,,,Daytime,Evenings,Mornings or Evenings,,,,,,,,,,,,,,,,,,,,,,,,,,,,,,,,,,,,,,,,,,,,,,,,,,,,,,,,,,,,,,,,,,,,,,,,,,,,,,,,,,,,,,,,,,,,,,,,,,,,,,,,,,,,,,,,,,,,,,,,,,,,,,,,,,,,,,,,,,,,,,,,,,,,,,,,,,,,,,,,,,,,,,,,,,,,,,,,,,,,,,,,,,,,,,,,,,,
78,Is there an admission fee?,Admission_Fee,Free or small fee,,,,Free,Cost of meal,Membership or fee,,,,,,,,,,,,,,,,,,,,,,,,,,,,,,,,,,,,,,,,,,,,,,,,,,,,,,,,,,,,,,,,,,,,,,,,,,,,,,,,,,,,,,,,,,,,,,,,,,,,,,,,,,,,,,,,,,,,,,,,,,,,,,,,,,,,,,,,,,,,,,,,,,,,,,,,,,,,,,,,,,,,,,,,,,,,,,,,,,,,,,,,,,,,,,,,,,,
21,What kind of facilities are available?,Facilities,"Benches, Playgrounds",,,,None,"Tables, Restrooms","Gym equipment, Showers",,,,,,,,,,,,,,,,,,,,,,,,,,,,,,,,,,,,,,,,,,,,,,,,,,,,,,,,,,,,,,,,,,,,,,,,,,,,,,,,,,,,,,,,,,,,,,,,,,,,,,,,,,,,,,,,,,,,,,,,,,,,,,,,,,,,,,,,,,,,,,,,,,,,,,,,,,,,,,,,,,,,,,,,,,,,,,,,,,,,,,,,,,,,,,,,,,,
27,Is this location family-friendly?,Family_Friendly,Yes,,,,Yes,Varies,Varies,,,,,,,,,,,,,,,,,,,,,,,,,,,,,,,,,,,,,,,,,,,,,,,,,,,,,,,,,,,,,,,,,,,,,,,,,,,,,,,,,,,,,,,,,,,,,,,,,,,,,,,,,,,,,,,,,,,,,,,,,,,,,,,,,,,,,,,,,,,,,,,,,,,,,,,,,,,,,,,,,,,,,,,,,,,,,,,,,,,,,,,,,,,,,,,,,,,
36,Can pets be brought to this location?,Pets_Allowed,"Yes, in some areas",,,,Yes,No,No,,,,,,,,,,,,,,,,,,,,,,,,,,,,,,,,,,,,,,,,,,,,,,,,,,,,,,,,,,,,,,,,,,,,,,,,,,,,,,,,,,,,,,,,,,,,,,,,,,,,,,,,,,,,,,,,,,,,,,,,,,,,,,,,,,,,,,,,,,,,,,,,,,,,,,,,,,,,,,,,,,,,,,,,,,,,,,,,,,,,,,,,,,,,,,,,,,,
97,What type of clothing is most appropriate here?,Clothing,Casual,,,,Casual,Casual to Formal,Sportswear,,,,,,,,,,,,,,,,,,,,,,,,,,,,,,,,,,,,,,,,,,,,,,,,,,,,,,,,,,,,,,,,,,,,,,,,,,,,,,,,,,,,,,,,,,,,,,,,,,,,,,,,,,,,,,,,,,,,,,,,,,,,,,,,,,,,,,,,,,,,,,,,,,,,,,,,,,,,,,,,,,,,,,,,,,,,,,,,,,,,,,,,,,,,,,,,,,,
124,Are there guided tours or self-guided options?,Tours,Self-guided,,,,Self-guided,No,No,,,,,,,,,,,,,,,,,,,,,,,,,,,,,,,,,,,,,,,,,,,,,,,,,,,,,,,,,,,,,,,,,,,,,,,,,,,,,,,,,,,,,,,,,,,,,,,,,,,,,,,,,,,,,,,,,,,,,,,,,,,,,,,,,,,,,,,,,,,,,,,,,,,,,,,,,,,,,,,,,,,,,,,,,,,,,,,,,,,,,,,,,,,,,,,,,,,
110,How long do people typically spend here?,Visit_Duration,1-3 hours,,,,Varies,1-2 hours,1 hour,,,,,,,,,,,,,,,,,,,,,,,,,,,,,,,,,,,,,,,,,,,,,,,,,,,,,,,,,,,,,,,,,,,,,,,,,,,,,,,,,,,,,,,,,,,,,,,,,,,,,,,,,,,,,,,,,,,,,,,,,,,,,,,,,,,,,,,,,,,,,,,,,,,,,,,,,,,,,,,,,,,,,,,,,,,,,,,,,,,,,,,,,,,,,,,,,,,
51,Is there Wi-Fi available?,WiFi_Availability,In some areas,,,,No,Yes,Yes,,,,,,,,,,,,,,,,,,,,,,,,,,,,,,,,,,,,,,,,,,,,,,,,,,,,,,,,,,,,,,,,,,,,,,,,,,,,,,,,,,,,,,,,,,,,,,,,,,,,,,,,,,,,,,,,,,,,,,,,,,,,,,,,,,,,,,,,,,,,,,,,,,,,,,,,,,,,,,,,,,,,,,,,,,,,,,,,,,,,,,,,,,,,,,,,,,,
7,What is the parking situation like?,Parking,Available,,,,Limited,Varies,Available,,,,,,,,,,,,,,,,,,,,,,,,,,,,,,,,,,,,,,,,,,,,,,,,,,,,,,,,,,,,,,,,,,,,,,,,,,,,,,,,,,,,,,,,,,,,,,,,,,,,,,,,,,,,,,,,,,,,,,,,,,,,,,,,,,,,,,,,,,,,,,,,,,,,,,,,,,,,,,,,,,,,,,,,,,,,,,,,,,,,,,,,,,,,,,,,,,,
52,Is the location suitable for all seasons?,All_Season,Yes,,,,Yes,Yes,Yes,,,,,,,,,,,,,,,,,,,,,,,,,,,,,,,,,,,,,,,,,,,,,,,,,,,,,,,,,,,,,,,,,,,,,,,,,,,,,,,,,,,,,,,,,,,,,,,,,,,,,,,,,,,,,,,,,,,,,,,,,,,,,,,,,,,,,,,,,,,,,,,,,,,,,,,,,,,,,,,,,,,,,,,,,,,,,,,,,,,,,,,,,,,,,,,,,,,
48,Are there any age restrictions?,Age_Restrictions,No,,,,No,No,"Yes, usually 16+",,,,,,,,,,,,,,,,,,,,,,,,,,,,,,,,,,,,,,,,,,,,,,,,,,,,,,,,,,,,,,,,,,,,,,,,,,,,,,,,,,,,,,,,,,,,,,,,,,,,,,,,,,,,,,,,,,,,,,,,,,,,,,,,,,,,,,,,,,,,,,,,,,,,,,,,,,,,,,,,,,,,,,,,,,,,,,,,,,,,,,,,,,,,,,,,,,,
71,Is food or drink available on-site?,Food_Drink,Snack stands,,,,No,Yes,Vending machines,,,,,,,,,,,,,,,,,,,,,,,,,,,,,,,,,,,,,,,,,,,,,,,,,,,,,,,,,,,,,,,,,,,,,,,,,,,,,,,,,,,,,,,,,,,,,,,,,,,,,,,,,,,,,,,,,,,,,,,,,,,,,,,,,,,,,,,,,,,,,,,,,,,,,,,,,,,,,,,,,,,,,,,,,,,,,,,,,,,,,,,,,,,,,,,,,,,
33,What is the peak time for visitors?,Peak_Time,Weekends,,,,Daytime,Evenings,Evenings,,,,,,,,,,,,,,,,,,,,,,,,,,,,,,,,,,,,,,,,,,,,,,,,,,,,,,,,,,,,,,,,,,,,,,,,,,,,,,,,,,,,,,,,,,,,,,,,,,,,,,,,,,,,,,,,,,,,,,,,,,,,,,,,,,,,,,,,,,,,,,,,,,,,,,,,,,,,,,,,,,,,,,,,,,,,,,,,,,,,,,,,,,,,,,,,,,,
104,Is photography allowed?,Photography,Yes,,,,Yes,"Yes, but restricted",Yes,,,,,,,,,,,,,,,,,,,,,,,,,,,,,,,,,,,,,,,,,,,,,,,,,,,,,,,,,,,,,,,,,,,,,,,,,,,,,,,,,,,,,,,,,,,,,,,,,,,,,,,,,,,,,,,,,,,,,,,,,,,,,,,,,,,,,,,,,,,,,,,,,,,,,,,,,,,,,,,,,,,,,,,,,,,,,,,,,,,,,,,,,,,,,,,,,,,
53,Are there any water bodies nearby?,Water_Bodies,Lakes or ponds,,,,No,No,No,,,,,,,,,,,,,,,,,,,,,,,,,,,,,,,,,,,,,,,,,,,,,,,,,,,,,,,,,,,,,,,,,,,,,,,,,,,,,,,,,,,,,,,,,,,,,,,,,,,,,,,,,,,,,,,,,,,,,,,,,,,,,,,,,,,,,,,,,,,,,,,,,,,,,,,,,,,,,,,,,,,,,,,,,,,,,,,,,,,,,,,,,,,,,,,,,,,
7,What is the general atmosphere like?,Atmosphere,Relaxing,,,,Peaceful,Lively,Energetic,,,,,,,,,,,,,,,,,,,,,,,,,,,,,,,,,,,,,,,,,,,,,,,,,,,,,,,,,,,,,,,,,,,,,,,,,,,,,,,,,,,,,,,,,,,,,,,,,,,,,,,,,,,,,,,,,,,,,,,,,,,,,,,,,,,,,,,,,,,,,,,,,,,,,,,,,,,,,,,,,,,,,,,,,,,,,,,,,,,,,,,,,,,,,,,,,,,
44,Is there any special equipment needed?,Special_Equipment,No,,,,No,No,Workout gear,,,,,,,,,,,,,,,,,,,,,,,,,,,,,,,,,,,,,,,,,,,,,,,,,,,,,,,,,,,,,,,,,,,,,,,,,,,,,,,,,,,,,,,,,,,,,,,,,,,,,,,,,,,,,,,,,,,,,,,,,,,,,,,,,,,,,,,,,,,,,,,,,,,,,,,,,,,,,,,,,,,,,,,,,,,,,,,,,,,,,,,,,,,,,,,,,,,
41,Are there restrooms available?,Restrooms,Yes,,,,No,Yes,Yes,,,,,,,,,,,,,,,,,,,,,,,,,,,,,,,,,,,,,,,,,,,,,,,,,,,,,,,,,,,,,,,,,,,,,,,,,,,,,,,,,,,,,,,,,,,,,,,,,,,,,,,,,,,,,,,,,,,,,,,,,,,,,,,,,,,,,,,,,,,,,,,,,,,,,,,,,,,,,,,,,,,,,,,,,,,,,,,,,,,,,,,,,,,,,,,,,,,
43,Is the location accessible for people with disabilities?,Disability_Access,Yes,,,,Limited,Yes,Yes,,,,,,,,,,,,,,,,,,,,,,,,,,,,,,,,,,,,,,,,,,,,,,,,,,,,,,,,,,,,,,,,,,,,,,,,,,,,,,,,,,,,,,,,,,,,,,,,,,,,,,,,,,,,,,,,,,,,,,,,,,,,,,,,,,,,,,,,,,,,,,,,,,,,,,,,,,,,,,,,,,,,,,,,,,,,,,,,,,,,,,,,,,,,,,,,,,,
48,Are there any nearby shopping areas?,Nearby_Shopping,No,,,,No,Yes,No,,,,,,,,,,,,,,,,,,,,,,,,,,,,,,,,,,,,,,,,,,,,,,,,,,,,,,,,,,,,,,,,,,,,,,,,,,,,,,,,,,,,,,,,,,,,,,,,,,,,,,,,,,,,,,,,,,,,,,,,,,,,,,,,,,,,,,,,,,,,,,,,,,,,,,,,,,,,,,,,,,,,,,,,,,,,,,,,,,,,,,,,,,,,,,,,,,,
134,What languages are spoken by staff or guides?,Languages_Spoken,Local language,,,,Local language,Local and foreign languages,Local language,,,,,,,,,,,,,,,,,,,,,,,,,,,,,,,,,,,,,,,,,,,,,,,,,,,,,,,,,,,,,,,,,,,,,,,,,,,,,,,,,,,,,,,,,,,,,,,,,,,,,,,,,,,,,,,,,,,,,,,,,,,,,,,,,,,,,,,,,,,,,,,,,,,,,,,,,,,,,,,,,,,,,,,,,,,,,,,,,,,,,,,,,,,,,,,,,,,
80,Is X antropic or natural?,antropic,natural,,,,natural,,,antropic,antropic,,,,,,,,,,,,,,,,,,,,,,,,,,,,,,,,,,,,,,,,,,,,,,,,,,,,,,,,,,,,,,,,,,,,,,,,,,,,,,,,,,,,,,,,,,,,,,,,,,,,,,,,,,,,,,,,,,,,,,,,,,,,,,,,,,,,,,,,,,,,,,,,,,,,,,,,,,,,,,,,,,,,,,,,,,,,,,,,,,,,,,,,,,,,,,,,,
80,Is X a transit place?,transit,yes,,,,no,,,no,no,,,,,,,,,,,,,,,,,,,,,,,,,,,,,,,,,,,,,,,,,,,,,,,,,,,,,,,,,,,,,,,,,,,,,,,,,,,,,,,,,,,,,,,,,,,,,,,,,,,,,,,,,,,,,,,,,,,,,,,,,,,,,,,,,,,,,,,,,,,,,,,,,,,,,,,,,,,,,,,,,,,,,,,,,,,,,,,,,,,,,,,,,,,,,,,,,
70,Can you buy things in X?,buy,no,,,,no,,,yes,yes,,,,,,,,,,,,,,,,,,,,,,,,,,,,,,,,,,,,,,,,,,,,,,,,,,,,,,,,,,,,,,,,,,,,,,,,,,,,,,,,,,,,,,,,,,,,,,,,,,,,,,,,,,,,,,,,,,,,,,,,,,,,,,,,,,,,,,,,,,,,,,,,,,,,,,,,,,,,,,,,,,,,,,,,,,,,,,,,,,,,,,,,,,,,,,,,,
135,Can X a place for leisure activities?,for leisure,yes,,,,yes,,, no,yes,,,,,,,,,,,,,,,,,,,,,,,,,,,,,,,,,,,,,,,,,,,,,,,,,,,,,,,,,,,,,,,,,,,,,,,,,,,,,,,,,,,,,,,,,,,,,,,,,,,,,,,,,,,,,,,,,,,,,,,,,,,,,,,,,,,,,,,,,,,,,,,,,,,,,,,,,,,,,,,,,,,,,,,,,,,,,,,,,,,,,,,,,,,,,,,,,
108,Does X contain animals?,contains animals,yes,,,,yes,,,no,no,,,,,,,,,,,,,,,,,,,,,,,,,,,,,,,,,,,,,,,,,,,,,,,,,,,,,,,,,,,,,,,,,,,,,,,,,,,,,,,,,,,,,,,,,,,,,,,,,,,,,,,,,,,,,,,,,,,,,,,,,,,,,,,,,,,,,,,,,,,,,,,,,,,,,,,,,,,,,,,,,,,,,,,,,,,,,,,,,,,,,,,,,,,,,,,,,
18,Is X indoors or outdoors?,indoors/outdoors,outdoors,,,,outdoors,,,indoors,indoors,,,,,,,,,,,,,,,,,,,,,,,,,,,,,,,,,,,,,,,,,,,,,,,,,,,,,,,,,,,,,,,,,,,,,,,,,,,,,,,,,,,,,,,,,,,,,,,,,,,,,,,,,,,,,,,,,,,,,,,,,,,,,,,,,,,,,,,,,,,,,,,,,,,,,,,,,,,,,,,,,,,,,,,,,,,,,,,,,,,,,,,,,,,,,,,,,
133,Is X a religious place?,religious,no,,,,no,,,no,no,,,,,,,,,,,,,,,,,,,,,,,,,,,,,,,,,,,,,,,,,,,,,,,,,,,,,,,,,,,,,,,,,,,,,,,,,,,,,,,,,,,,,,,,,,,,,,,,,,,,,,,,,,,,,,,,,,,,,,,,,,,,,,,,,,,,,,,,,,,,,,,,,,,,,,,,,,,,,,,,,,,,,,,,,,,,,,,,,,,,,,,,,,,,,,,,,
104,Is X a shop?,shop,no,,,,no,,,no,no,,,,,,,,,,,,,,,,,,,,,,,,,,,,,,,,,,,,,,,,,,,,,,,,,,,,,,,,,,,,,,,,,,,,,,,,,,,,,,,,,,,,,,,,,,,,,,,,,,,,,,,,,,,,,,,,,,,,,,,,,,,,,,,,,,,,,,,,,,,,,,,,,,,,,,,,,,,,,,,,,,,,,,,,,,,,,,,,,,,,,,,,,,,,,,,,,
104,Is X part of a building?,part of building,no,,,,no,,,yes,yes,,,,,,,,,,,,,,,,,,,,,,,,,,,,,,,,,,,,,,,,,,,,,,,,,,,,,,,,,,,,,,,,,,,,,,,,,,,,,,,,,,,,,,,,,,,,,,,,,,,,,,,,,,,,,,,,,,,,,,,,,,,,,,,,,,,,,,,,,,,,,,,,,,,,,,,,,,,,,,,,,,,,,,,,,,,,,,,,,,,,,,,,,,,,,,,,,
118,Can you sleep in X?,sleep,no,,,,no,,,no,no,,,,,,,,,,,,,,,,,,,,,,,,,,,,,,,,,,,,,,,,,,,,,,,,,,,,,,,,,,,,,,,,,,,,,,,,,,,,,,,,,,,,,,,,,,,,,,,,,,,,,,,,,,,,,,,,,,,,,,,,,,,,,,,,,,,,,,,,,,,,,,,,,,,,,,,,,,,,,,,,,,,,,,,,,,,,,,,,,,,,,,,,,,,,,,,,,
120,Is X a planet?,planet,no,,,,no,,,no,no,,,,,,,,,,,,,,,,,,,,,,,,,,,,,,,,,,,,,,,,,,,,,,,,,,,,,,,,,,,,,,,,,,,,,,,,,,,,,,,,,,,,,,,,,,,,,,,,,,,,,,,,,,,,,,,,,,,,,,,,,,,,,,,,,,,,,,,,,,,,,,,,,,,,,,,,,,,,,,,,,,,,,,,,,,,,,,,,,,,,,,,,,,,,,,,,,
80,Is X a natural environment?,environment,yes,,,,yes,,,no,no,,,,,,,,,,,,,,,,,,,,,,,,,,,,,,,,,,,,,,,,,,,,,,,,,,,,,,,,,,,,,,,,,,,,,,,,,,,,,,,,,,,,,,,,,,,,,,,,,,,,,,,,,,,,,,,,,,,,,,,,,,,,,,,,,,,,,,,,,,,,,,,,,,,,,,,,,,,,,,,,,,,,,,,,,,,,,,,,,,,,,,,,,,,,,,,,,
26,Does X have a specific weather?,weather,no,,,,no,,,no,no,,,,,,,,,,,,,,,,,,,,,,,,,,,,,,,,,,,,,,,,,,,,,,,,,,,,,,,,,,,,,,,,,,,,,,,,,,,,,,,,,,,,,,,,,,,,,,,,,,,,,,,,,,,,,,,,,,,,,,,,,,,,,,,,,,,,,,,,,,,,,,,,,,,,,,,,,,,,,,,,,,,,,,,,,,,,,,,,,,,,,,,,,,,,,,,,,
12,Is X a private of public place?,public,public,,,,public,,,private,private,,,,,,,,,,,,,,,,,,,,,,,,,,,,,,,,,,,,,,,,,,,,,,,,,,,,,,,,,,,,,,,,,,,,,,,,,,,,,,,,,,,,,,,,,,,,,,,,,,,,,,,,,,,,,,,,,,,,,,,,,,,,,,,,,,,,,,,,,,,,,,,,,,,,,,,,,,,,,,,,,,,,,,,,,,,,,,,,,,,,,,,,,,,,,,,,,
74,Can you catch a mean from transport from X?,catch transport,no,,,,no,,,no,no,,,,,,,,,,,,,,,,,,,,,,,,,,,,,,,,,,,,,,,,,,,,,,,,,,,,,,,,,,,,,,,,,,,,,,,,,,,,,,,,,,,,,,,,,,,,,,,,,,,,,,,,,,,,,,,,,,,,,,,,,,,,,,,,,,,,,,,,,,,,,,,,,,,,,,,,,,,,,,,,,,,,,,,,,,,,,,,,,,,,,,,,,,,,,,,,,
117,Can you study in X?,study,yes,,,,no,,,no,no,,,,,,,,,,,,,,,,,,,,,,,,,,,,,,,,,,,,,,,,,,,,,,,,,,,,,,,,,,,,,,,,,,,,,,,,,,,,,,,,,,,,,,,,,,,,,,,,,,,,,,,,,,,,,,,,,,,,,,,,,,,,,,,,,,,,,,,,,,,,,,,,,,,,,,,,,,,,,,,,,,,,,,,,,,,,,,,,,,,,,,,,,,,,,,,,,
45,Is X a geographical site?,geographical,no,,,,no,,,no,no,,,,,,,,,,,,,,,,,,,,,,,,,,,,,,,,,,,,,,,,,,,,,,,,,,,,,,,,,,,,,,,,,,,,,,,,,,,,,,,,,,,,,,,,,,,,,,,,,,,,,,,,,,,,,,,,,,,,,,,,,,,,,,,,,,,,,,,,,,,,,,,,,,,,,,,,,,,,,,,,,,,,,,,,,,,,,,,,,,,,,,,,,,,,,,,,,
126,Is X always near the water?,water,no,,,,no,,,no,no,,,,,,,,,,,,,,,,,,,,,,,,,,,,,,,,,,,,,,,,,,,,,,,,,,,,,,,,,,,,,,,,,,,,,,,,,,,,,,,,,,,,,,,,,,,,,,,,,,,,,,,,,,,,,,,,,,,,,,,,,,,,,,,,,,,,,,,,,,,,,,,,,,,,,,,,,,,,,,,,,,,,,,,,,,,,,,,,,,,,,,,,,,,,,,,,,
75,Is X in space?,space,no,,,,no,,,no,no,,,,,,,,,,,,,,,,,,,,,,,,,,,,,,,,,,,,,,,,,,,,,,,,,,,,,,,,,,,,,,,,,,,,,,,,,,,,,,,,,,,,,,,,,,,,,,,,,,,,,,,,,,,,,,,,,,,,,,,,,,,,,,,,,,,,,,,,,,,,,,,,,,,,,,,,,,,,,,,,,,,,,,,,,,,,,,,,,,,,,,,,,,,,,,,,,
69,What kind of mean of transport can you catch from X?,transport kind,none,,,,none,,,none,none,,,,,,,,,,,,,,,,,,,,,,,,,,,,,,,,,,,,,,,,,,,,,,,,,,,,,,,,,,,,,,,,,,,,,,,,,,,,,,,,,,,,,,,,,,,,,,,,,,,,,,,,,,,,,,,,,,,,,,,,,,,,,,,,,,,,,,,,,,,,,,,,,,,,,,,,,,,,,,,,,,,,,,,,,,,,,,,,,,,,,,,,,,,,,,,,,
25,What is the typical activity in X?,activity,have a walk,,,,farming,,,eating,exercising,,,,,,,,,,,,,,,,,,,,,,,,,,,,,,,,,,,,,,,,,,,,,,,,,,,,,,,,,,,,,,,,,,,,,,,,,,,,,,,,,,,,,,,,,,,,,,,,,,,,,,,,,,,,,,,,,,,,,,,,,,,,,,,,,,,,,,,,,,,,,,,,,,,,,,,,,,,,,,,,,,,,,,,,,,,,,,,,,,,,,,,,,,,,,,,,,
105,Where can I find X?,where,"In recreational areas, urban centers, and natural settings.","In rural areas, characterized by agricultural activities and structures.","In various locations, often in urban areas.","Found in different locations, often in urban and resort areas.","In rural areas outside urban centers, characterized by open landscapes.",,,"Found in diverse locations, including urban and rural areas.","In various areas, commonly urban and suburban.","Near coastlines, oceans, and seas.","In elevated areas, typically characterized by peaks and slopes.","In various geographic locations, characterized by a body of water.","In various geographic locations, characterized by a body of water.","Flowing through various landscapes, typically characterized by a moving body of water.","In arid regions, characterized by dry and sandy landscapes.","In urban areas with a high population density, characterized by various structures and amenities.","In urban areas with a lower population density than cities, characterized by various structures and amenities.","In rural areas, characterized by a small community of houses and buildings.","In various locations, typically in urban and suburban areas.","In various locations, typically in urban and suburban areas.","In various locations, typically in urban and suburban areas.","In various locations, often in urban and suburban areas.","In various locations, typically in urban areas.","In various locations, often in urban areas.",In various areas with entertainment options.,Common in urban areas but also present in suburban and rural locations.,Often in urban and suburban areas.,Typically found in urban areas.,Typically located in urban and suburban areas.,"Found in various locations, including cities and towns.",Found in urban and suburban areas.,"Found in various areas, including urban and suburban.","Commonly found in cities, towns, and suburban areas.","Found in different locations, including cities and towns.",Often located in urban and suburban areas.,Commonly found in cities and suburban areas.,"Found in various areas, often in urban and suburban locations.",Located in different cities and regions.,"Found in cities and towns, often near transportation hubs.","Found in various locations, especially urban and suburban areas.",Located in cities with subway systems.,"Found in various areas, especially urban and transportation hubs.","Located in cities, airports, and other transportation hubs.","Located along roads and highways, in urban and rural areas.","Found in various locations, often near businesses and attractions.","Found in cities, towns, and tourist destinations.",Found along highways and in various locations.,"Located in cities, towns, and popular tourist destinations.","Found in various locations, often in residential areas and tourist destinations.",Located in rural and natural areas.,Found in ports and cruise terminals.,"Found in ports and terminals, crossing bodies of water.",Found in airports.,"Found in various locations, such as hospitals, offices, and transportation hubs.","Found in various locations, often in urban and business areas.","Found in various locations, often within office buildings, hotels, or conference centers.","Found in residential areas, towns, and cities.","Found in residential areas, often in urban settings.","Found in residential areas, towns, and cities.",Found in affluent residential areas and estates.,"Found in various locations, often in historical or tourist destinations.",Located along coastlines and at sea entrances.,"Found in oceans, seas, and lakes.",Found in various geological formations.,"Found in various locations, often in religious or historical contexts.","Found in various locations, often in cities, towns, and villages.","Found in various locations, often in cities and areas with Muslim communities.","Found in various locations, often in cities and areas with Jewish communities.","Found in various locations, often associated with religious or cultural significance.","Found in various locations, often in cities, towns, and rural areas.","Found in various locations, often in cities, towns, and rural areas.","Found in various locations, often in cities and popular tourist destinations.","Found in various locations, often in cities.","Found in various locations, often in cities and near coastlines.","Found in various locations, often in cities and near educational institutions.","Found in various locations, often in different countries.","Found in various locations, often associated with significant events.","Found in various locations, often in cities or natural settings.",Located in outer space.,"Found in various locations, often in aerospace museums or display centers.",Located in low Earth orbit.,Located in outer space.,Located in outer space.,"Found in various locations, often in underwater environments.","Found in various locations, often in geological hotspots.","Found in various locations, often in hilly or mountainous areas.","Found in various locations, often in geothermally active areas.","Found in various locations, often in polar or high-altitude regions.","Found in various locations, often in polar or high-latitude regions.","Found in various locations, often in tropical or subtropical regions.","Found in various locations, often in low-lying areas with waterlogged soil.","Found in various locations, often in low-lying areas with shallow water.","Found in various locations, often in low-lying areas with standing water.","Found in various locations, often in polar or high-altitude regions.","Found in various locations, often underground in karst landscapes.","Found in various locations, often in oceans or seas with multiple islands.","Found in various locations, often extending into bodies of water.","Found in various locations, often at the mouth of rivers.","Found in various locations, often in arid regions with water sources.","Found in various locations, often associated with ancient civilizations.","Found in various locations, often spanning bodies of water or gaps.","Found in various locations, often on rivers or waterways.",,,,,,,,,,,,,,,,,,,,,,,,,,,,,,,,,,,,,,,,,,,,,,,,,,,,,,,,,,,,,,,,,,,,,,,,,,,,,,,,,,,,,,,,,,,,,,,,,,,,
96,Can I find X in cities?,city,Yes.,No.,Yes.,Yes.,No.,,,Yes.,Yes.,Yes.,No.,Yes.,No.,No.,No.,Yes.,Yes.,Yes.,Yes.,Yes.,Yes.,Yes.,Yes.,Yes.,Yes.,Yes.,Yes.,Yes.,Yes.,Yes.,Yes.,Yes.,Yes.,Yes.,Yes.,Yes.,Yes.,Yes.,Yes.,Yes.,Yes.,Yes.,Yes.,Yes.,Yes.,Yes.,Yes.,Yes.,Yes.,No.,No.,Yes.,Yes.,Yes.,Yes.,Yes.,Yes.,Yes.,Yes.,Yes.,Yes.,Yes.,No.,No.,Yes.,Yes.,Yes.,Yes.,Yes.,Yes.,Yes.,Yes.,Yes.,Yes.,Yes.,Yes.,Yes.,Yes.,No.,No.,No.,No.,No.,No.,No.,Yes.,Yes.,No.,Yes.,Yes.,Yes.,Yes.,Yes.,No.,No.,Yes.,Yes.,Yes.,Yes.,Yes.,Yes.,Yes.,,,,,,,,,,,,,,,,,,,,,,,,,,,,,,,,,,,,,,,,,,,,,,,,,,,,,,,,,,,,,,,,,,,,,,,,,,,,,,,,,,,,,,,,,,,,,,,,,,,,
91,Is X an infrastructure?,infrastructure,No.,No.,Yes.,No.,No.,,,No.,No.,No.,No.,No.,No.,No.,No.,Yes.,Yes.,No.,Yes.,Yes.,Yes.,Yes.,Yes.,Yes.,Yes.,No.,No.,No.,Yes.,Yes.,No.,No.,No.,No.,No.,No.,No.,No.,No.,No.,No.,No.,No.,No.,No.,No.,No.,No.,No.,No.,Yes.,Yes.,Yes.,No.,Yes.,Yes.,No.,No.,No.,No.,Yes.,Yes.,No.,No.,Yes.,Yes.,Yes.,Yes.,Yes.,No.,No.,Yes.,No.,No.,No.,No.,"Yes, sometimes with preserved structures.","Yes, sometimes with iconic structures.",Yes.,Yes.,Yes.,No.,No.,No.,No.,No.,No.,No.,No.,No.,No.,No.,No.,No.,No.,No.,No.,No.,No.,No.,"Yes, it is a human structure.","Yes, it is a human structure.",,,,,,,,,,,,,,,,,,,,,,,,,,,,,,,,,,,,,,,,,,,,,,,,,,,,,,,,,,,,,,,,,,,,,,,,,,,,,,,,,,,,,,,,,,,,,,,,,,,,
104,Is X a human building?,human,No.,No.,Yes.,Yes.,No.,,,Yes.,No.,No.,No.,No.,No.,No.,No.,Yes.,Yes.,No.,Yes.,Yes.,Yes.,Yes.,Yes.,Yes.,Yes.,Yes.,Yes.,Yes.,Yes.,Yes.,Yes.,Yes.,Yes.,Yes.,Yes.,Yes.,Yes.,Yes.,Yes.,Yes.,Yes.,Yes.,Yes.,Yes.,No.,Yes.,Yes.,Yes.,Yes.,No.,Yes.,Yes.,Yes.,Yes.,Yes.,Yes.,Yes.,Yes.,Yes.,Yes.,Yes.,Yes.,No.,No.,Yes.,Yes.,Yes.,Yes.,Yes.,Yes.,Yes.,Yes.,Yes.,Yes.,Yes.,No.,Yes.,Yes.,No.,No.,No.,No.,No.,No.,No.,No.,No.,No.,No.,No.,No.,No.,No.,No.,No.,No.,No.,No.,No.,No.,Yes.,Yes.,,,,,,,,,,,,,,,,,,,,,,,,,,,,,,,,,,,,,,,,,,,,,,,,,,,,,,,,,,,,,,,,,,,,,,,,,,,,,,,,,,,,,,,,,,,,,,,,,,,,
66,Is X a natural place?,natural,Yes.,Yes.,No.,No.,Yes.,,,No.,No.,Yes.,Yes.,Yes.,Yes.,Yes.,Yes.,No.,No.,Yes.,No.,No.,No.,No.,No.,No.,No.,No.,No.,No.,No.,No.,No.,No.,No.,No.,No.,No.,No.,No.,No.,No.,No.,No.,No.,No.,No.,No.,No.,No.,No.,Yes.,No.,No.,No.,No.,No.,No.,Yes.,Yes.,Yes.,Yes.,No.,No.,Yes.,Yes.,No.,No.,No.,No.,No.,No.,No.,No.,No.,No.,No.,Yes.,No.,No.,No.,No.,No.,No.,No.,Yes.,Yes.,Yes.,Yes.,Yes.,Yes.,Yes.,Yes.,Yes.,Yes.,Yes.,Yes.,Yes.,Yes.,Yes.,Yes.,No.,No.,No.,,,,,,,,,,,,,,,,,,,,,,,,,,,,,,,,,,,,,,,,,,,,,,,,,,,,,,,,,,,,,,,,,,,,,,,,,,,,,,,,,,,,,,,,,,,,,,,,,,,,
104,Can I find X inside a building?,inside,Yes.,"Yes, within farm buildings.","Yes, within art gallery buildings.","Yes, within a building.",No.,,,"Yes, within a building.","Yes, within a building.",Yes.,"Yes, at the base or within certain mountain facilities.","Yes, along the shores or within lake facilities.","Yes, along the shores or within lake facilities.","Yes, along the riverbanks or within river-related facilities.",No.,"Yes, within buildings and infrastructure.","Yes, within buildings and infrastructure.","Yes, within the village buildings.","Yes, within the school building.","Yes, within the college buildings.","Yes, within university buildings.","Yes, within library buildings.","Yes, within museum buildings.","Yes, within theater buildings.","Yes, within a building.","Yes, within a building.","Yes, within a building.","Yes, within a building.","Yes, within a building.","Yes, within a building.","Yes, within a building.","Yes, typically within a building.","Yes, typically within a building.","Yes, typically within a building or an open-air market.","Yes, within a building.","Yes, within a building.","Yes, typically within a building.","Yes, within a building.","Yes, within a building.",Typically not within a building.,"Yes, typically within a building.",Typically not within a building.,"Yes, typically within a building.","Yes, typically with a convenience store.",Typically not within a building.,"Yes, within a building.","Yes, typically within a building.","Yes, typically within a building.","Yes, typically within a building.",Typically not within a building.,"Yes, within the ship.","Yes, within the ferry.","Yes, within the airport.","Yes, typically within a building.","Yes, typically within a building.","Yes, typically within a building.","Yes, typically within a building.","Yes, typically within a building.","Yes, typically within a building.","Yes, typically within a building.","Yes, typically within a building.","Yes, typically within the lighthouse structure.","No, it is a natural landform.","No, it is a natural formation.","Yes, typically within a building.","Yes, typically within a building.","Yes, typically within a building.","Yes, typically within a building.","Yes, typically within a building or structure.","Yes, typically with structures like chapels.","Yes, typically with structures like chapels.","Yes, within the park.","Yes, within the zoo.","Yes, within the aquarium.","Yes, within the botanical garden.","Yes, within visitor centers or facilities.","Yes, within visitor centers or facilities.","Yes, within surrounding facilities.",No.,"Yes, within visitor centers or museums.",No.,No.,No.,No.,No.,No.,No.,No.,No.,No.,No.,No.,No.,No.,No.,No.,No.,No.,No.,No.,No.,No.,,,,,,,,,,,,,,,,,,,,,,,,,,,,,,,,,,,,,,,,,,,,,,,,,,,,,,,,,,,,,,,,,,,,,,,,,,,,,,,,,,,,,,,,,,,,,,,,,,,,
114,Can I buy something inside X?,buy,"Yes, in some cases (e.g., concessions, gift shops).","Yes, in farm markets.","Yes, in art gallery gift shops.","Yes, in spa boutiques.","No, typically not a commercial space.",,,"Yes, in the restaurant.","Yes, in gym shops.","Yes, in some cases (e.g., beachside shops).","Yes, in some cases (e.g., mountain resorts).","Yes, in some cases (e.g., lakeside shops).","Yes, in some cases (e.g., lakeside shops).","Yes, in some cases (e.g., riverside markets).","No, typically not a commercial space.","Yes, in various shops and establishments.","Yes, in various shops and establishments.","Yes, in various shops and establishments.","Yes, in school stores and cafeterias.","Yes, in college bookstores and cafeterias.","Yes, in university bookstores and cafeterias.","Yes, in library bookstores.","Yes, in museum gift shops.","Yes, in theater lobbies.","Yes, in cinema concession areas.","Yes, in the café.","Yes, in the bar.","Yes, in the club.","Yes, in hospital gift shops.","Yes, in clinic pharmacies.","Yes, in office","Yes, you can buy medications and health-related products.","Yes, you can buy a variety of food and household items.","Yes, you can buy fresh produce, crafts, or other goods.","Yes, you can buy a wide range of products and services.","Yes, you can buy a variety of products, often organized by departments.","Yes, you can buy books, magazines, and related items.","Yes, you can buy tickets, food, and other travel-related items.","Yes, you can buy tickets and travel essentials.",No direct buying activity at a bus stop.,"Yes, you can buy tickets and travel essentials.",No direct buying activity at a taxi stand.,"Yes, you can rent vehicles.","Yes, you can buy fuel and convenience items.",No direct buying activity at a parking lot.,"Yes, you can book rooms and other services.","Yes, you can book rooms.","Yes, you can book dormitory-style accommodations.","Yes, you can book rooms and enjoy breakfast.",No direct buying activity at a campground.,"Yes, you can buy cabins and services.","Yes, you can buy tickets and services.","Yes, you can buy access to the lounge or services.",No direct buying activity in a waiting room.,"Yes, you can buy office space or services.",No direct buying activity in a conference room.,"Yes, you can buy or rent a home.","Yes, you can buy or rent an apartment.","Yes, you can buy or rent a house.","Yes, you can buy or rent a mansion.","Yes, you can visit and sometimes buy or rent castles.",No direct buying activity at a lighthouse.,No direct buying activity on an island (unless purchasing the entire island).,No direct buying activity in a cave.,"Yes, you can visit and sometimes contribute to temples.","Yes, you can visit and contribute to churches.","Yes, you can visit and contribute to mosques.","Yes, you can visit and contribute to synagogues.","Yes, you can visit and contribute to shrines.",No direct buying activity in a cemetery.,No direct buying activity in a graveyard.,"Yes, you can buy tickets, food, and merchandise.","Yes, you can buy tickets and sometimes feed for animals.","Yes, you can buy tickets and sometimes feed for marine animals.","Yes, you can buy tickets and sometimes plants.","Yes, you can buy permits and sometimes merchandise.","Yes, you can buy tickets and sometimes souvenirs.","Yes, you can buy tickets and sometimes souvenirs.",No direct buying activity at a space station.,"Yes, you can buy tickets and sometimes space-related merchandise.",No direct buying activity at the ISS.,No direct buying activity on Mars.,No direct buying activity on the Moon.,No direct buying activity in an underwater cave.,No direct buying activity at a volcano.,No direct buying activity at a waterfall.,"Yes, you can visit and sometimes pay for access.",No direct buying activity at a glacier.,No direct buying activity in the tundra.,No direct buying activity in a savannah.,No direct buying activity in a wetland.,No direct buying activity in a marsh.,No direct buying activity in a swamp.,No direct buying activity at a glacier.,No direct buying activity in a cavern.,No direct buying activity in an archipelago.,No direct buying activity on a peninsula.,No direct buying activity in a delta.,No direct buying activity in an oasis.,No direct buying activity at ruins.,No direct buying activity on a bridge.,No direct buying activity at a dam.,,,,,,,,,,,,,,,,,,,,,,,,,,,,,,,,,,,,,,,,,,,,,,,,,,,,,,,,,,,,,,,,,,,,,,,,,,,,,,,,,,,,,,,,,,,,,,,,,,,,
75,Which is the first Activity you associate with X?,activity,"Activities may vary, but common associations include walking, picnicking, and playing.","Activities may include farming, gardening, and buying fresh produce.","Activities may include viewing artwork, appreciating art, and cultural exploration.",Relaxing or enjoying wellness treatments.,"Activities may include hiking, farming, and enjoying nature.",,,Dining.,Exercising or working out.,"Activities may include swimming, sunbathing, and beach sports.","Activities may include hiking, climbing, and skiing.","Activities may include fishing, boating, and lakeside recreation.","Activities may include fishing, boating, and lakeside recreation.","Activities may include fishing, canoeing, and riverside walks.","Activities may include desert exploration, dune bashing, and stargazing.","Activities may include shopping, dining, and cultural experiences.","Activities may include local shopping, dining, and community events.","Activities may include local shopping, community events, and socializing.","Activities may include learning, attending classes, and socializing.","Activities may include attending classes, studying, and engaging in campus life.","Activities may include attending classes, studying, and engaging in campus life.","Activities may include reading, studying, and borrowing books.","Activities may include viewing exhibits, learning, and cultural exploration.","Activities may include attending performances, watching plays, and enjoying live entertainment.",Watching movies.,Enjoying beverages and snacks.,Socializing and enjoying drinks.,Socializing and dancing.,Receiving medical care.,Receiving specialized medical care.,Receiving medical consultations.,Purchasing medications or health-related items.,Shopping for groceries.,Shopping for a variety of goods.,"Shopping for various items, including clothes, electronics, and more.",Shopping for a diverse range of products.,Browsing and buying books.,Traveling by air.,Boarding and traveling by train.,Waiting for and boarding a bus.,Boarding and traveling by subway.,Hiring a taxi for transportation.,Renting a car for transportation.,Refueling a vehicle.,Parking a vehicle.,Checking in and staying overnight.,Checking in and staying overnight.,Checking in and staying overnight.,Checking in and staying overnight with breakfast provided.,Setting up a campsite.,Boarding and enjoying a cruise.,Boarding and traveling across water.,Waiting for flights and accessing amenities.,Waiting for appointments or transportation.,Working and conducting business activities.,"Hosting meetings, presentations, and discussions.",Living and dwelling.,Living and dwelling in a shared building.,Living and dwelling.,Living and dwelling in a large and luxurious setting.,"Historical and cultural visits, events, and sometimes living.",Guiding ships with light signals.,"Exploring, living, or vacationing.",Exploring and sometimes shelter.,"Religious worship, ceremonies, and cultural visits.","Religious worship, ceremonies, and cultural events.","Religious worship, ceremonies, and cultural events.","Religious worship, ceremonies, and cultural events.","Religious worship, pilgrimage, and cultural events.",Burial and commemoration of the deceased.,Burial and commemoration of the deceased.,"Enjoying rides, attractions, and entertainment.",Viewing and learning about a variety of animals.,Viewing and learning about marine life.,Enjoying and learning about plants and landscapes.,"Enjoying natural landscapes, wildlife, and outdoor activities.",Learning about and exploring the history of a place.,Recognizing and appreciating a notable point of interest.,Conducting scientific research and experiments in space.,Displaying and learning about space exploration history.,Conducting scientific research and experiments in space.,Studying the planet's geology and potential for life.,Studying the Moon's geology and conducting space missions.,Exploring and studying underwater cave environments.,Studying and monitoring volcanic activity.,Enjoying the natural beauty and power of falling water.,Relaxing in geothermally heated mineral water.,Studying and appreciating the ice formation.,Studying and appreciating the unique cold-adapted ecosystems.,Observing and appreciating the diverse wildlife and grasslands.,Studying and appreciating diverse ecosystems and bird watching.,"Studying and appreciating wetland ecosystems, bird watching.","Studying and appreciating diverse ecosystems, bird watching.",Studying and appreciating the ice formation.,"Exploring and studying cave formations, spelunking.",Exploring and appreciating island landscapes and marine life.,Exploring and enjoying coastal landscapes and activities.,Studying and appreciating riverine ecosystems and bird watching.,"Resting and enjoying a lush, water-filled environment in a desert.",Exploring and learning about historical and archaeological sites.,Crossing bodies of water or connecting areas for transportation.,Generating hydroelectric power and regulating water flow.,,,,,,,,,,,,,,,,,,,,,,,,,,,,,,,,,,,,,,,,,,,,,,,,,,,,,,,,,,,,,,,,,,,,,,,,,,,,,,,,,,,,,,,,,,,,,,,,,,,,
104,Can X be an animal building too?,dam,"No, it is not an animal building.","No, it is not an animal building.","No, it is not an animal building.","No, it is not an animal building.","No, it is not an animal building.",,,"No, it is not an animal building.","No, it is not an animal building.","No, it is not an animal building.","No, it is not an animal building.","No, it is not an animal building.","No, it is not an animal building.","No, it is not an animal building.","No, it is not an animal building.","No, it is not an animal building.","No, it is not an animal building.","No, it is not an animal building.","No, it is not an animal building.","No, it is not an animal building.","No, it is not an animal building.","No, it is not an animal building.","No, it is not an animal building.","No, it is not an animal building.","No, it is not an animal building.","No, it is not an animal building.","No, it is not an animal building.","No, it is not an animal building.","No, it is not an animal building.","No, it is not an animal building.","No, it is not an animal building.","No, it is not an animal building.","No, it is not an animal building.","No, it is not an animal building.","No, it is not an animal building.","No, it is not an animal building.","No, it is not an animal building.","No, it is not an animal building.","No, it is not an animal building.","No, it is not an animal building.","No, it is not an animal building.","No, it is not an animal building.","No, it is not an animal building.","No, it is not an animal building.","No, it is not an animal building.","No, it is not an animal building.","No, it is not an animal building.","No, it is not an animal building.","No, it is not an animal building.","No, it is not an animal building.","No, it is not an animal building.","No, it is not an animal building.","No, it is not an animal building.","No, it is not an animal building.","No, it is not an animal building.","No, it is not an animal building.","No, it is not an animal building.","No, it is not an animal building.","No, it is not an animal building.","No, it is not an animal building.","No, it is not an animal building.","No, it is not an animal building.","No, it is not an animal building.","No, it is not an animal building.","No, it is not an animal building.","No, it is not an animal building.","No, it is not an animal building.","No, it is not an animal building.","No, it is not an animal building.","No, it is not an animal building.","No, it is not an animal building.","No, it is not an animal building.","No, it is not an animal building.","No, it is not an animal building.","No, it is not an animal building.","No, it is not an animal building.","No, it is not an animal building.","No, it is not an animal building.","No, it is not an animal building.","No, it is not an animal building.","No, it is not an animal building.","No, it is not an animal building.","No, it is not an animal building.","No, it is not an animal building.","No, it is not an animal building.","No, it is not an animal building.","No, it is not an animal building.","No, it is not an animal building.","No, it is not an animal building.","No, it is not an animal building.","No, it is not an animal building.","No, it is not an animal building.","No, it is not an animal building.","No, it is not an animal building.","No, it is not an animal building.","No, it is not an animal building.","No, it is not an animal building.","No, it is not an animal building.","No, it is not an animal building.","No, it is not an animal building.","No, it is not an animal building.","yes, it may be an animal building",,,,,,,,,,,,,,,,,,,,,,,,,,,,,,,,,,,,,,,,,,,,,,,,,,,,,,,,,,,,,,,,,,,,,,,,,,,,,,,,,,,,,,,,,,,,,,,,,,,,
13,What is the purpuse of X?,purpuse,Recreation and leisure.,Agriculture and cultivation.,Display of visual arts and cultural artifacts.,Establishment for relaxation and body treatments.,Agricultural activities and rural living.,,,Culinary services and dining.,Facility for physical exercise.,Relaxation and recreation by the sea.,Scenic views and outdoor activities.,Biodiversity conservation and outdoor activities.,Recreational activities like boating and fishing.,Natural habitat support and water resource.,Ecosystem preservation and unique landscapes.,"Urban living, commerce, and cultural activities.",Community living with a mix of residential and commercial areas.,Rural community living.,Education and learning.,Higher education and academic pursuits.,Advanced academic and research studies.,Access to various written materials and information.,Preservation and exhibition of historical artifacts.,Performing arts and live entertainment.,Venue for watching films.,Casual dining with beverages.,Establishment serving alcoholic beverages.,Venue for socializing and entertainment.,Medical institution for specialized care.,Facility for general medical care.,Space for a doctor's professional practice.,Dispensing medication and health products.,Retail store for food and household items.,Open-air or covered market for various goods.,Complex with diverse retail shops and services.,Large retail store with a variety of departments.,Retail store specializing in books.,Facility for air travel.,Transportation hub for trains.,Point for boarding and alighting buses.,Underground station for subway trains.,Designated area for hailing taxis.,Service for renting vehicles.,Facility for refueling vehicles.,Designated area for parking vehicles.,Accommodation with various amenities.,Lodging with basic amenities.,Budget-friendly accommodation with shared facilities.,Lodging with breakfast included in the stay.,Outdoor area for camping and recreational activities.,The purpose is to provide transportation and leisure services.,The purpose is to transport people and vehicles across water.,The purpose is to provide a comfortable waiting area for travelers.,The purpose is to provide a space for people to wait.,The purpose is to provide a workspace for professional activities.,The purpose is to provide a space for formal meetings and discussions.,The purpose is to provide a place for individuals or families to live.,The purpose is to provide a place for individuals or families to live in a shared building.,The purpose is to provide a place for individuals or families to live.,The purpose is to provide a luxurious and spacious residence.,"The purpose varies, including defense, residence, and cultural significance.",The purpose is to provide a navigational aid for ships.,The purpose is to offer a natural space for various activities.,The purpose is to provide shelter and geological interest.,The purpose is for religious worship and cultural practices.,The purpose is for Christian religious worship and community activities.,The purpose is for Islamic religious worship and community activities.,The purpose is for Jewish religious worship and community activities.,The purpose is for religious or cultural veneration.,The purpose is for burying and remembering the dead.,The purpose is for burying and remembering the dead.,The purpose is for entertainment and recreational activities.,"The purpose is for conservation, education, and entertainment.","The purpose is for conservation, education, and entertainment.","The purpose is for plant conservation, education, and appreciation.","The purpose is for conservation, recreation, and enjoyment of nature.",The purpose is to preserve and showcase historical significance.,The purpose is to serve as a recognizable and significant point.,The purpose is for scientific exploration and experimentation in space.,The purpose is to showcase and educate about space exploration technology.,The purpose is for international scientific collaboration and space exploration.,The purpose is for scientific exploration and potential future colonization.,The purpose is for scientific exploration and potential future activities.,The purpose is for scientific exploration and cave diving.,The purpose is for geological research and understanding volcanic processes.,The purpose is for appreciating natural landscapes.,The purpose is for relaxation and health benefits.,The purpose is for understanding glacial processes.,The purpose is for ecological research and understanding cold environments.,The purpose is for ecological research and wildlife conservation.,The purpose is for ecological research and habitat conservation.,The purpose is for ecological research and habitat conservation.,The purpose is for ecological research and habitat conservation.,The purpose is for understanding glacial processes.,The purpose is for geological research and cave exploration.,The purpose is for understanding island ecosystems and marine environments.,The purpose is for appreciating coastal geography and ecosystems.,The purpose is for understanding river delta formation and ecology.,The purpose is for providing water in arid landscapes and rest stops.,The purpose is for historical and cultural exploration.,The purpose is for transportation and connectivity.,The purpose is for water management and energy production.,,,,,,,,,,,,,,,,,,,,,,,,,,,,,,,,,,,,,,,,,,,,,,,,,,,,,,,,,,,,,,,,,,,,,,,,,,,,,,,,,,,,,,,,,,,,,,,,,,,,
95,Which religion is related to X?,religion,none,,,,,,,,,none,none,none,none,none,,,,,,,,,,,,,,,,,,,,,,,,,,,,,,,,,,,,,,,,,,,,,,,,,,,,,,,,,,,,,,,,,,,,,,,,,,,,,,,,,,,,,,,,,,,,,,,,,,,,,,,,,,,,,,,,,,,,,,,,,,,,,,,,,,,,,,,,,,,,,,,,,,,,,,,,,,,,,,,,,,,,,,,,,,,,,,,,,,,,,,,,,,,,
101,"Is X located near a body of water, such as a river, lake or sea?",near body of water,It may have them,,,,,,,,,"yes, sea and rivers","yes, above all lakes and rivers","yes, above all lakes and rivers",it's a body of water,it's a body of water,,,,,,,,,,,,,,,,,,,,,,,,,,,,,,,,,,,,,,,,,,,,,,,,,,,,,,,,,,,,,,,,,,,,,,,,,,,,,,,,,,,,,,,,,,,,,,,,,,,,,,,,,,,,,,,,,,,,,,,,,,,,,,,,,,,,,,,,,,,,,,,,,,,,,,,,,,,,,,,,,,,,,,,,,,,,,,,,,,,,,,,,,,,,
89,Do I necessarily find X at high altitudes?,altitudes,no,,,,,,,,,no,yes,no,no,no,,,,,,,,,,,,,,,,,,,,,,,,,,,,,,,,,,,,,,,,,,,,,,,,,,,,,,,,,,,,,,,,,,,,,,,,,,,,,,,,,,,,,,,,,,,,,,,,,,,,,,,,,,,,,,,,,,,,,,,,,,,,,,,,,,,,,,,,,,,,,,,,,,,,,,,,,,,,,,,,,,,,,,,,,,,,,,,,,,,,,,,,,,,,
88,Do I necessarily find X at sea level?,sea level,no,,,,,,,,,yes,no,no,no,no,,,,,,,,,,,,,,,,,,,,,,,,,,,,,,,,,,,,,,,,,,,,,,,,,,,,,,,,,,,,,,,,,,,,,,,,,,,,,,,,,,,,,,,,,,,,,,,,,,,,,,,,,,,,,,,,,,,,,,,,,,,,,,,,,,,,,,,,,,,,,,,,,,,,,,,,,,,,,,,,,,,,,,,,,,,,,,,,,,,,,,,,,,,,
104,Is X a geological formation?,geological,no,,,,,,,,,yes,yes,yes,yes,yes,,,,,,,,,,,,,,,,,,,,,,,,,,,,,,,,,,,,,,,,,,,,,,,,,,,,,,,,,,,,,,,,,,,,,,,,,,,,,,,,,,,,,,,,,,,,,,,,,,,,,,,,,,,,,,,,,,,,,,,,,,,,,,,,,,,,,,,,,,,,,,,,,,,,,,,,,,,,,,,,,,,,,,,,,,,,,,,,,,,,,,,,,,,,
78,Is X an habitat?,habitat,no,,,,,,,,,yes,yes,yes,yes,yes,,,,,,,,,,,,,,,,,,,,,,,,,,,,,,,,,,,,,,,,,,,,,,,,,,,,,,,,,,,,,,,,,,,,,,,,,,,,,,,,,,,,,,,,,,,,,,,,,,,,,,,,,,,,,,,,,,,,,,,,,,,,,,,,,,,,,,,,,,,,,,,,,,,,,,,,,,,,,,,,,,,,,,,,,,,,,,,,,,,,,,,,,,,,
95,Is X related with the human movements?,movements,no,,,,,,,,,no,no,no,no,no,,,,,,,,,,,,,,,,,,,,,,,,,,,,,,,,,,,,,,,,,,,,,,,,,,,,,,,,,,,,,,,,,,,,,,,,,,,,,,,,,,,,,,,,,,,,,,,,,,,,,,,,,,,,,,,,,,,,,,,,,,,,,,,,,,,,,,,,,,,,,,,,,,,,,,,,,,,,,,,,,,,,,,,,,,,,,,,,,,,,,,,,,,,,
95,Is X related with the work?,work,may be,,,,,,,,,no,no,no,no,no,,,,,,,,,,,,,,,,,,,,,,,,,,,,,,,,,,,,,,,,,,,,,,,,,,,,,,,,,,,,,,,,,,,,,,,,,,,,,,,,,,,,,,,,,,,,,,,,,,,,,,,,,,,,,,,,,,,,,,,,,,,,,,,,,,,,,,,,,,,,,,,,,,,,,,,,,,,,,,,,,,,,,,,,,,,,,,,,,,,,,,,,,,,,
95,Is X related with the healthcare?,healthcare,no,,,,,,,,,no,no,no,no,no,,,,,,,,,,,,,,,,,,,,,,,,,,,,,,,,,,,,,,,,,,,,,,,,,,,,,,,,,,,,,,,,,,,,,,,,,,,,,,,,,,,,,,,,,,,,,,,,,,,,,,,,,,,,,,,,,,,,,,,,,,,,,,,,,,,,,,,,,,,,,,,,,,,,,,,,,,,,,,,,,,,,,,,,,,,,,,,,,,,,,,,,,,,,
93,Is X related with the  entertainment?,entertainment,may be,,,,,,,,,no,no,no,no,no,,,,,,,,,,,,,,,,,,,,,,,,,,,,,,,,,,,,,,,,,,,,,,,,,,,,,,,,,,,,,,,,,,,,,,,,,,,,,,,,,,,,,,,,,,,,,,,,,,,,,,,,,,,,,,,,,,,,,,,,,,,,,,,,,,,,,,,,,,,,,,,,,,,,,,,,,,,,,,,,,,,,,,,,,,,,,,,,,,,,,,,,,,,,
102,Which Animal can I find in X?,animals,"all kind of animals, depends on the position",,,,,,,,,"sea and sand animals, crabs, fishes","high altitude animals, bear, goats","all kind of animals, bears, deers, wolves","in general fresh water animals, swans, ducks","in general fresh water animals, fishes, shrimps, otter",,,,,,,,,,,,,,,,,,,,,,,,,,,,,,,,,,,,,,,,,,,,,,,,,,,,,,,,,,,,,,,,,,,,,,,,,,,,,,,,,,,,,,,,,,,,,,,,,,,,,,,,,,,,,,,,,,,,,,,,,,,,,,,,,,,,,,,,,,,,,,,,,,,,,,,,,,,,,,,,,,,,,,,,,,,,,,,,,,,,,,,,,,,,
96,Which type of vehicles can I find in X?,vehicles,depends,,,,,,,,,none,"none, maybe snowcats",none,none,none,,,,,,,,,,,,,,,,,,,,,,,,,,,,,,,,,,,,,,,,,,,,,,,,,,,,,,,,,,,,,,,,,,,,,,,,,,,,,,,,,,,,,,,,,,,,,,,,,,,,,,,,,,,,,,,,,,,,,,,,,,,,,,,,,,,,,,,,,,,,,,,,,,,,,,,,,,,,,,,,,,,,,,,,,,,,,,,,,,,,,,,,,,,,
12,Is X a terrestrial or aquatic habitats?,habitat type,may be both,,,,,,,,,acquatic,terrestrial,terrestrial,acquatic,acquatic,,,,,,,,,,,,,,,,,,,,,,,,,,,,,,,,,,,,,,,,,,,,,,,,,,,,,,,,,,,,,,,,,,,,,,,,,,,,,,,,,,,,,,,,,,,,,,,,,,,,,,,,,,,,,,,,,,,,,,,,,,,,,,,,,,,,,,,,,,,,,,,,,,,,,,,,,,,,,,,,,,,,,,,,,,,,,,,,,,,,,,,,,,,,
95,Is X related with klowledge preservation?,knowledge,no,,,,,,,,,no,no,no,no,no,,,,,,,,,,,,,,,,,,,,,,,,,,,,,,,,,,,,,,,,,,,,,,,,,,,,,,,,,,,,,,,,,,,,,,,,,,,,,,,,,,,,,,,,,,,,,,,,,,,,,,,,,,,,,,,,,,,,,,,,,,,,,,,,,,,,,,,,,,,,,,,,,,,,,,,,,,,,,,,,,,,,,,,,,,,,,,,,,,,,,,,,,,,,
104,Is X a service?,service?,no,,,,,,,,,no,no,no,no,no,,,,,,,,,,,,,,,,,,,,,,,,,,,,,,,,,,,,,,,,,,,,,,,,,,,,,,,,,,,,,,,,,,,,,,,,,,,,,,,,,,,,,,,,,,,,,,,,,,,,,,,,,,,,,,,,,,,,,,,,,,,,,,,,,,,,,,,,,,,,,,,,,,,,,,,,,,,,,,,,,,,,,,,,,,,,,,,,,,,,,,,,,,,,
87,Is X a body of water?,body of water,may be,,,,,,,,,yes,no,no,yes,yes,,,,,,,,,,,,,,,,,,,,,,,,,,,,,,,,,,,,,,,,,,,,,,,,,,,,,,,,,,,,,,,,,,,,,,,,,,,,,,,,,,,,,,,,,,,,,,,,,,,,,,,,,,,,,,,,,,,,,,,,,,,,,,,,,,,,,,,,,,,,,,,,,,,,,,,,,,,,,,,,,,,,,,,,,,,,,,,,,,,,,,,,,,,,
96,Which vegetation can I find in X?,vegetation,all king of vegetation,,,,,,,,,"not that much, maybe kelp",high altitude vegetation,generic trees,algaes,algaes,,,,,,,,,,,,,,,,,,,,,,,,,,,,,,,,,,,,,,,,,,,,,,,,,,,,,,,,,,,,,,,,,,,,,,,,,,,,,,,,,,,,,,,,,,,,,,,,,,,,,,,,,,,,,,,,,,,,,,,,,,,,,,,,,,,,,,,,,,,,,,,,,,,,,,,,,,,,,,,,,,,,,,,,,,,,,,,,,,,,,,,,,,,,
11,Is X alive?,having life,no,,,,,,,,,,,,,,,no,,,,,,,,,,,no,,,,,,,,,,,,,,,,,,,,,,,,,,,,,,,,no,,,,,,,,,,,,,,no,,,,,,,,,,,,no,,,,,,,,,,,,,,,,,,,,,,,,,,,,,,,,,,,,,,,,,,,,,,,,,,,,,,,,,,,,,,,,,,,,,,,,,,,,,,,,,,,,,,,,,,,,,,,,,,,,,,,,,,,,,,,,,,,,,
79,Is X a building?,building,no,,,,,,,,,,,,,,,no,,,,,,,,,,,yes,,,,,,,,,,,,,,,,,,,,,,,,,,,,,,,,yes,,,,,,,,,,,,,,no,,,,,,,,,,,,no,,,,,,,,,,,,,,,,,,,,,,,,,,,,,,,,,,,,,,,,,,,,,,,,,,,,,,,,,,,,,,,,,,,,,,,,,,,,,,,,,,,,,,,,,,,,,,,,,,,,,,,,,,,,,,,,,,,,,
76,Can we find it near where we live?,position,yes,,,,,,,,,,,,,,,yes,,,,,,,,,,,yes,,,,,,,,,,,,,,,,,,,,,,,,,,,,,,,,yes,,,,,,,,,,,,,,yes,,,,,,,,,,,,no,,,,,,,,,,,,,,,,,,,,,,,,,,,,,,,,,,,,,,,,,,,,,,,,,,,,,,,,,,,,,,,,,,,,,,,,,,,,,,,,,,,,,,,,,,,,,,,,,,,,,,,,,,,,,,,,,,,,,
104,Is X big?,size,yes,,,,,,,,,,,,,,,yes,,,,,,,,,,,no,,,,,,,,,,,,,,,,,,,,,,,,,,,,,,,,yes,,,,,,,,,,,,,,yes,,,,,,,,,,,,yes,,,,,,,,,,,,,,,,,,,,,,,,,,,,,,,,,,,,,,,,,,,,,,,,,,,,,,,,,,,,,,,,,,,,,,,,,,,,,,,,,,,,,,,,,,,,,,,,,,,,,,,,,,,,,,,,,,,,,
88,Is X high?,height,no,,,,,,,,,,,,,,,no,,,,,,,,,,,no,,,,,,,,,,,,,,,,,,,,,,,,,,,,,,,,no,,,,,,,,,,,,,,no,,,,,,,,,,,,yes,,,,,,,,,,,,,,,,,,,,,,,,,,,,,,,,,,,,,,,,,,,,,,,,,,,,,,,,,,,,,,,,,,,,,,,,,,,,,,,,,,,,,,,,,,,,,,,,,,,,,,,,,,,,,,,,,,,,,
109,Can I see animals there?,see animals,yes,,,,,,,,,,,,,,,yes,,,,,,,,,,,no,,,,,,,,,,,,,,,,,,,,,,,,,,,,,,,,yes,,,,,,,,,,,,,,yes,,,,,,,,,,,,yes,,,,,,,,,,,,,,,,,,,,,,,,,,,,,,,,,,,,,,,,,,,,,,,,,,,,,,,,,,,,,,,,,,,,,,,,,,,,,,,,,,,,,,,,,,,,,,,,,,,,,,,,,,,,,,,,,,,,,
108,Can I see acquatic animals?,type of animals,yes,,,,,,,,,,,,,,,yes,,,,,,,,,,,no,,,,,,,,,,,,,,,,,,,,,,,,,,,,,,,,no,,,,,,,,,,,,,,no,,,,,,,,,,,,no,,,,,,,,,,,,,,,,,,,,,,,,,,,,,,,,,,,,,,,,,,,,,,,,,,,,,,,,,,,,,,,,,,,,,,,,,,,,,,,,,,,,,,,,,,,,,,,,,,,,,,,,,,,,,,,,,,,,,
131,Can I meet people there?,meet someone,yes,,,,,,,,,,,,,,,yes,,,,,,,,,,,yes,,,,,,,,,,,,,,,,,,,,,,,,,,,,,,,,yes,,,,,,,,,,,,,,yes,,,,,,,,,,,,no,,,,,,,,,,,,,,,,,,,,,,,,,,,,,,,,,,,,,,,,,,,,,,,,,,,,,,,,,,,,,,,,,,,,,,,,,,,,,,,,,,,,,,,,,,,,,,,,,,,,,,,,,,,,,,,,,,,,,
112,Can I see trees there?,see trees,yes,,,,,,,,,,,,,,,yes,,,,,,,,,,,no,,,,,,,,,,,,,,,,,,,,,,,,,,,,,,,,yes,,,,,,,,,,,,,,yes,,,,,,,,,,,,yes,,,,,,,,,,,,,,,,,,,,,,,,,,,,,,,,,,,,,,,,,,,,,,,,,,,,,,,,,,,,,,,,,,,,,,,,,,,,,,,,,,,,,,,,,,,,,,,,,,,,,,,,,,,,,,,,,,,,,
108,Can I see water there?,water,yes,,,,,,,,,,,,,,,yes,,,,,,,,,,,yes,,,,,,,,,,,,,,,,,,,,,,,,,,,,,,,,yes,,,,,,,,,,,,,,yes,,,,,,,,,,,,no,,,,,,,,,,,,,,,,,,,,,,,,,,,,,,,,,,,,,,,,,,,,,,,,,,,,,,,,,,,,,,,,,,,,,,,,,,,,,,,,,,,,,,,,,,,,,,,,,,,,,,,,,,,,,,,,,,,,,
119,Does X contains more than one building?,parts of x,no,,,,,,,,,,,,,,,yes,,,,,,,,,,,no,,,,,,,,,,,,,,,,,,,,,,,,,,,,,,,,no,,,,,,,,,,,,,,no,,,,,,,,,,,,no,,,,,,,,,,,,,,,,,,,,,,,,,,,,,,,,,,,,,,,,,,,,,,,,,,,,,,,,,,,,,,,,,,,,,,,,,,,,,,,,,,,,,,,,,,,,,,,,,,,,,,,,,,,,,,,,,,,,,
82,Can I buy something there?,buy something,no,,,,,,,,,,,,,,,yes,,,,,,,,,,,yes,,,,,,,,,,,,,,,,,,,,,,,,,,,,,,,,no,,,,,,,,,,,,,,no,,,,,,,,,,,,no,,,,,,,,,,,,,,,,,,,,,,,,,,,,,,,,,,,,,,,,,,,,,,,,,,,,,,,,,,,,,,,,,,,,,,,,,,,,,,,,,,,,,,,,,,,,,,,,,,,,,,,,,,,,,,,,,,,,,
114,Can I buy clothes there?,buy clothes,no,,,,,,,,,,,,,,,yes,,,,,,,,,,,no,,,,,,,,,,,,,,,,,,,,,,,,,,,,,,,,no,,,,,,,,,,,,,,no,,,,,,,,,,,,no,,,,,,,,,,,,,,,,,,,,,,,,,,,,,,,,,,,,,,,,,,,,,,,,,,,,,,,,,,,,,,,,,,,,,,,,,,,,,,,,,,,,,,,,,,,,,,,,,,,,,,,,,,,,,,,,,,,,,
114,Can I buy food there?,buy food,no,,,,,,,,,,,,,,,yes,,,,,,,,,,,yes,,,,,,,,,,,,,,,,,,,,,,,,,,,,,,,,no,,,,,,,,,,,,,,no,,,,,,,,,,,,no,,,,,,,,,,,,,,,,,,,,,,,,,,,,,,,,,,,,,,,,,,,,,,,,,,,,,,,,,,,,,,,,,,,,,,,,,,,,,,,,,,,,,,,,,,,,,,,,,,,,,,,,,,,,,,,,,,,,,
70,Can I study there?,study,no,,,,,,,,,,,,,,,no,,,,,,,,,,,no,,,,,,,,,,,,,,,,,,,,,,,,,,,,,,,,yes,,,,,,,,,,,,,,no,,,,,,,,,,,,no,,,,,,,,,,,,,,,,,,,,,,,,,,,,,,,,,,,,,,,,,,,,,,,,,,,,,,,,,,,,,,,,,,,,,,,,,,,,,,,,,,,,,,,,,,,,,,,,,,,,,,,,,,,,,,,,,,,,,
64,Can I sleep there?,sleep,no,,,,,,,,,,,,,,,no,,,,,,,,,,,no,,,,,,,,,,,,,,,,,,,,,,,,,,,,,,,,yes,,,,,,,,,,,,,,no,,,,,,,,,,,,no,,,,,,,,,,,,,,,,,,,,,,,,,,,,,,,,,,,,,,,,,,,,,,,,,,,,,,,,,,,,,,,,,,,,,,,,,,,,,,,,,,,,,,,,,,,,,,,,,,,,,,,,,,,,,,,,,,,,,
113,Does X contains more than one room?,rooms,no,,,,,,,,,,,,,,,no,,,,,,,,,,,yes,,,,,,,,,,,,,,,,,,,,,,,,,,,,,,,,yes,,,,,,,,,,,,,,no,,,,,,,,,,,,no,,,,,,,,,,,,,,,,,,,,,,,,,,,,,,,,,,,,,,,,,,,,,,,,,,,,,,,,,,,,,,,,,,,,,,,,,,,,,,,,,,,,,,,,,,,,,,,,,,,,,,,,,,,,,,,,,,,,,
65,is on the planet earth?,earth,,,,,,,,,,,,,,,,,,,,,,,,,,,,,,,,,,,,,,,,,,,,,,,,,,,,,,,,,,,,,,,,,,,,,,,,,,,,,,,,,,,,,,,,,,,,,,,,,,,,,,,yes,yes,yes,yes,yes,yes,yes,,,,,,,,,,,,,,,,,,,,,,,,,,,,,,,,,,,,,,,,,,,,,,,,,,,,,,,,,,,,,,,,,,,,,,,,,,,,,,,,,,,,,,,,,,,,,
29,is it made by man?,man,,,,,,,,,,,,,,,,,,,,,,,,,,,,,,,,,,,,,,,,,,,,,,,,,,,,,,,,,,,,,,,,,,,,,,,,,,,,,,,,,,,,,,,,,,,,,,,,,,,,,,,yes,no,no,no,can be,usually no,no,,,,,,,,,,,,,,,,,,,,,,,,,,,,,,,,,,,,,,,,,,,,,,,,,,,,,,,,,,,,,,,,,,,,,,,,,,,,,,,,,,,,,,,,,,,,,
21,is it associated with water?,water,,,,,,,,,,,,,,,,,,,,,,,,,,,,,,,,,,,,,,,,,,,,,,,,,,,,,,,,,,,,,,,,,,,,,,,,,,,,,,,,,,,,,,,,,,,,,,,,,,,,,,,no,yes,no,no,yes,yes,no,,,,,,,,,,,,,,,,,,,,,,,,,,,,,,,,,,,,,,,,,,,,,,,,,,,,,,,,,,,,,,,,,,,,,,,,,,,,,,,,,,,,,,,,,,,,,
137,is it cold?,cold,,,,,,,,,,,,,,,,,,,,,,,,,,,,,,,,,,,,,,,,,,,,,,,,,,,,,,,,,,,,,,,,,,,,,,,,,,,,,,,,,,,,,,,,,,,,,,,,,,,,,,,no,no,yes,depends,depends,no,no,,,,,,,,,,,,,,,,,,,,,,,,,,,,,,,,,,,,,,,,,,,,,,,,,,,,,,,,,,,,,,,,,,,,,,,,,,,,,,,,,,,,,,,,,,,,,
130,there are trees in it?,trees,,,,,,,,,,,,,,,,,,,,,,,,,,,,,,,,,,,,,,,,,,,,,,,,,,,,,,,,,,,,,,,,,,,,,,,,,,,,,,,,,,,,,,,,,,,,,,,,,,,,,,,yes,yes,yes,yes,no,no,yes,,,,,,,,,,,,,,,,,,,,,,,,,,,,,,,,,,,,,,,,,,,,,,,,,,,,,,,,,,,,,,,,,,,,,,,,,,,,,,,,,,,,,,,,,,,,,
138,can a car drive in it?,car,,,,,,,,,,,,,,,,,,,,,,,,,,,,,,,,,,,,,,,,,,,,,,,,,,,,,,,,,,,,,,,,,,,,,,,,,,,,,,,,,,,,,,,,,,,,,,,,,,,,,,,no,yes,yes,no,no,no,yes,,,,,,,,,,,,,,,,,,,,,,,,,,,,,,,,,,,,,,,,,,,,,,,,,,,,,,,,,,,,,,,,,,,,,,,,,,,,,,,,,,,,,,,,,,,,,
72,drinkable water is present near by?,drinkable,,,,,,,,,,,,,,,,,,,,,,,,,,,,,,,,,,,,,,,,,,,,,,,,,,,,,,,,,,,,,,,,,,,,,,,,,,,,,,,,,,,,,,,,,,,,,,,,,,,,,,,yes,no,yes,no,yes,yes,no,,,,,,,,,,,,,,,,,,,,,,,,,,,,,,,,,,,,,,,,,,,,,,,,,,,,,,,,,,,,,,,,,,,,,,,,,,,,,,,,,,,,,,,,,,,,,
124,has sand in it?,sand,,,,,,,,,,,,,,,,,,,,,,,,,,,,,,,,,,,,,,,,,,,,,,,,,,,,,,,,,,,,,,,,,,,,,,,,,,,,,,,,,,,,,,,,,,,,,,,,,,,,,,,can be,yes,no,no,yes,yes,yes,,,,,,,,,,,,,,,,,,,,,,,,,,,,,,,,,,,,,,,,,,,,,,,,,,,,,,,,,,,,,,,,,,,,,,,,,,,,,,,,,,,,,,,,,,,,,
72,does the water flow?,water flow,,,,,,,,,,,,,,,,,,,,,,,,,,,,,,,,,,,,,,,,,,,,,,,,,,,,,,,,,,,,,,,,,,,,,,,,,,,,,,,,,,,,,,,,,,,,,,,,,,,,,,,no,no,no,no,no,yes,no,,,,,,,,,,,,,,,,,,,,,,,,,,,,,,,,,,,,,,,,,,,,,,,,,,,,,,,,,,,,,,,,,,,,,,,,,,,,,,,,,,,,,,,,,,,,,
108,are present large size wild animals?,wild animals,,,,,,,,,,,,,,,,,,,,,,,,,,,,,,,,,,,,,,,,,,,,,,,,,,,,,,,,,,,,,,,,,,,,,,,,,,,,,,,,,,,,,,,,,,,,,,,,,,,,,,,no,no,yes,yes,no,no,no,,,,,,,,,,,,,,,,,,,,,,,,,,,,,,,,,,,,,,,,,,,,,,,,,,,,,,,,,,,,,,,,,,,,,,,,,,,,,,,,,,,,,,,,,,,,,
124,there are fish in it?,fish,,,,,,,,,,,,,,,,,,,,,,,,,,,,,,,,,,,,,,,,,,,,,,,,,,,,,,,,,,,,,,,,,,,,,,,,,,,,,,,,,,,,,,,,,,,,,,,,,,,,,,,no,no,no,no,yes,yes,no,,,,,,,,,,,,,,,,,,,,,,,,,,,,,,,,,,,,,,,,,,,,,,,,,,,,,,,,,,,,,,,,,,,,,,,,,,,,,,,,,,,,,,,,,,,,,
105,live people in it?,living,,,,,,,,,,,,,,,,,,,,,,,,,,,,,,,,,,,,,,,,,,,,,,,,,,,,,,,,,,,,,,,,,,,,,,,,,,,,,,,,,,,,,,,,,,,,,,,,,,,,,,,homeless,near by,yes,no,near by,near by,yes,,,,,,,,,,,,,,,,,,,,,,,,,,,,,,,,,,,,,,,,,,,,,,,,,,,,,,,,,,,,,,,,,,,,,,,,,,,,,,,,,,,,,,,,,,,,,
78,is it consedered an hospitable place?,hospitable,,,,,,,,,,,,,,,,,,,,,,,,,,,,,,,,,,,,,,,,,,,,,,,,,,,,,,,,,,,,,,,,,,,,,,,,,,,,,,,,,,,,,,,,,,,,,,,,,,,,,,,yes,yes,no,no,yes,no,no,,,,,,,,,,,,,,,,,,,,,,,,,,,,,,,,,,,,,,,,,,,,,,,,,,,,,,,,,,,,,,,,,,,,,,,,,,,,,,,,,,,,,,,,,,,,,
61,is a religious place?,religious,,,,,,,,,,,,,,,,,,,,,,,,,,,,,,,,,,,,,,,,,,,,,,,,,,,,,,,,,,,,,,,,,,,,,,,,,,,,,,,,,,,,,,,,,,,,,,,,,,,,,,,no,no,no,no,no,no,no,,,,,,,,,,,,,,,,,,,,,,,,,,,,,,,,,,,,,,,,,,,,,,,,,,,,,,,,,,,,,,,,,,,,,,,,,,,,,,,,,,,,,,,,,,,,,
138,you can by something in it?,buy,,,,,,,,,,,,,,,,,,,,,,,,,,,,,,,,,,,,,,,,,,,,,,,,,,,,,,,,,,,,,,,,,,,,,,,,,,,,,,,,,,,,,,,,,,,,,,,,,,,,,,,yes,no,no,no,no,no,no,,,,,,,,,,,,,,,,,,,,,,,,,,,,,,,,,,,,,,,,,,,,,,,,,,,,,,,,,,,,,,,,,,,,,,,,,,,,,,,,,,,,,,,,,,,,,
95,is a place made for entertainment? ,entertainment,,,,,,,,,,,,,,,,,,,,,,,,,,,,,,,,,,,,,,,,,,,,,,,,,,,,,,,,,,,,,,,,,,,,,,,,,,,,,,,,,,,,,,,,,,,,,,,,,,,,,,,no,no,no,no,no,no,no,,,,,,,,,,,,,,,,,,,,,,,,,,,,,,,,,,,,,,,,,,,,,,,,,,,,,,,,,,,,,,,,,,,,,,,,,,,,,,,,,,,,,,,,,,,,,
70,is a place where you study?,study,,,,,,,,,,,,,,,,,,,,,,,,,,,,,,,,,,,,,,,,,,,,,,,,,,,,,,,,,,,,,,,,,,,,,,,,,,,,,,,,,,,,,,,,,,,,,,,,,,,,,,,yes,no,no,no,no,no,no,,,,,,,,,,,,,,,,,,,,,,,,,,,,,,,,,,,,,,,,,,,,,,,,,,,,,,,,,,,,,,,,,,,,,,,,,,,,,,,,,,,,,,,,,,,,,
123,is it dangerous?,dangerous,,,,,,,,,,,,,,,,,,,,,,,,,,,,,,,,,,,,,,,,,,,,,,,,,,,,,,,,,,,,,,,,,,,,,,,,,,,,,,,,,,,,,,,,,,,,,,,,,,,,,,,only at night,no,yes,yes',no,no,yes,,,,,,,,,,,,,,,,,,,,,,,,,,,,,,,,,,,,,,,,,,,,,,,,,,,,,,,,,,,,,,,,,,,,,,,,,,,,,,,,,,,,,,,,,,,,,
134,can you swim in it?,swim,,,,,,,,,,,,,,,,,,,,,,,,,,,,,,,,,,,,,,,,,,,,,,,,,,,,,,,,,,,,,,,,,,,,,,,,,,,,,,,,,,,,,,,,,,,,,,,,,,,,,,,no,no,no,no,yes,yes,no,,,,,,,,,,,,,,,,,,,,,,,,,,,,,,,,,,,,,,,,,,,,,,,,,,,,,,,,,,,,,,,,,,,,,,,,,,,,,,,,,,,,,,,,,,,,,
135,is used for madicatios?,medications,,,,,,,,,,,,,,,,,,,,,,,,,,,,,,,,,,,,,,,,,,,,,,,,,,,,,,,,,,,,,,,,,,,,,,,,,,,,,,,,,,,,,,,,,,,,,,,,,,,,,,,no,no,no,no,no,no,no,,,,,,,,,,,,,,,,,,,,,,,,,,,,,,,,,,,,,,,,,,,,,,,,,,,,,,,,,,,,,,,,,,,,,,,,,,,,,,,,,,,,,,,,,,,,,
80,is a place underground?,underground,,,,,,,,,,,,,,,,,,,,,,,,,,,,,,,,,,,,,,,,,,,,,,,,,,,,,,,,,,,,,,,,,,,,,,,,,,,,,,,,,,,,,,,,,,,,,,,,,,,,,,,no,no,no,no,no,no,no,,,,,,,,,,,,,,,,,,,,,,,,,,,,,,,,,,,,,,,,,,,,,,,,,,,,,,,,,,,,,,,,,,,,,,,,,,,,,,,,,,,,,,,,,,,,,
78,is an healthy enviroment?,healthy,,,,,,,,,,,,,,,,,,,,,,,,,,,,,,,,,,,,,,,,,,,,,,,,,,,,,,,,,,,,,,,,,,,,,,,,,,,,,,,,,,,,,,,,,,,,,,,,,,,,,,,yes,yes,yes,yes,yes,yes,yes,,,,,,,,,,,,,,,,,,,,,,,,,,,,,,,,,,,,,,,,,,,,,,,,,,,,,,,,,,,,,,,,,,,,,,,,,,,,,,,,,,,,,,,,,,,,,
80,is a turistic place?,turistic,,,,,,,,,,,,,,,,,,,,,,,,,,,,,,,,,,,,,,,,,,,,,,,,,,,,,,,,,,,,,,,,,,,,,,,,,,,,,,,,,,,,,,,,,,,,,,,,,,,,,,,can be,yes,yes,no,yes,no,no,,,,,,,,,,,,,,,,,,,,,,,,,,,,,,,,,,,,,,,,,,,,,,,,,,,,,,,,,,,,,,,,,,,,,,,,,,,,,,,,,,,,,,,,,,,,,
104,is a holiday destination?,holiday,,,,,,,,,,,,,,,,,,,,,,,,,,,,,,,,,,,,,,,,,,,,,,,,,,,,,,,,,,,,,,,,,,,,,,,,,,,,,,,,,,,,,,,,,,,,,,,,,,,,,,,no,yes,yes,no,yes,no,yes (don't judge my holidays),,,,,,,,,,,,,,,,,,,,,,,,,,,,,,,,,,,,,,,,,,,,,,,,,,,,,,,,,,,,,,,,,,,,,,,,,,,,,,,,,,,,,,,,,,,,,
